[2026-05-23 18:22:54] ERROR: Error: listen EADDRINUSE: address already in use :::3001
    at Server.setupListenHandle [as _listen2] (node:net:1948:16)
    at listenInCluster (node:net:2005:12)
    at Server.listen (node:net:2110:7)
    at app.listen (C:\Users\Eduardo\Documents\GitHub\Proyecto-Mern\backend\node_modules\express\lib\application.js:635:24)
    at Object.<anonymous> (C:\Users\Eduardo\Documents\GitHub\Proyecto-Mern\backend\src\index.js:71:5)
    at Module._compile (node:internal/modules/cjs/loader:1812:14)
    at Object..js (node:internal/modules/cjs/loader:1943:10)
    at Module.load (node:internal/modules/cjs/loader:1533:32)
    at Module._load (node:internal/modules/cjs/loader:1335:12)
    at wrapModuleLoad (node:internal/modules/cjs/loader:255:19) | META: {"error":{"code":"EADDRINUSE","errno":-4091,"syscall":"listen","address":"::","port":3001},"exception":true,"date":"Sat May 23 2026 18:22:54 GMT-0600 (Central Standard Time)","process":{"pid":15620,"uid":null,"gid":null,"cwd":"C:\\Users\\Eduardo\\Documents\\GitHub\\Proyecto-Mern\\backend","execPath":"C:\\Program Files\\nodejs\\node.exe","version":"v24.14.1","argv":["C:\\Program Files\\nodejs\\node.exe","C:\\Users\\Eduardo\\Documents\\GitHub\\Proyecto-Mern\\backend\\src\\index.js"],"memoryUsage":{"rss":98783232,"heapTotal":58626048,"heapUsed":33104456,"external":20843740,"arrayBuffers":18264878}},"os":{"loadavg":[0,0,0],"uptime":18917.984},"trace":[{"column":16,"file":"node:net","function":"Server.setupListenHandle [as _listen2]","line":1948,"method":"setupListenHandle [as _listen2]","native":false},{"column":12,"file":"node:net","function":"listenInCluster","line":2005,"method":null,"native":false},{"column":7,"file":"node:net","function":"Server.listen","line":2110,"method":"listen","native":false},{"column":24,"file":"C:\\Users\\Eduardo\\Documents\\GitHub\\Proyecto-Mern\\backend\\node_modules\\express\\lib\\application.js","function":"app.listen","line":635,"method":"listen","native":false},{"column":5,"file":"C:\\Users\\Eduardo\\Documents\\GitHub\\Proyecto-Mern\\backend\\src\\index.js","function":null,"line":71,"method":null,"native":false},{"column":14,"file":"node:internal/modules/cjs/loader","function":"Module._compile","line":1812,"method":"_compile","native":false},{"column":10,"file":"node:internal/modules/cjs/loader","function":"Object..js","line":1943,"method":".js","native":false},{"column":32,"file":"node:internal/modules/cjs/loader","function":"Module.load","line":1533,"method":"load","native":false},{"column":12,"file":"node:internal/modules/cjs/loader","function":"Module._load","line":1335,"method":"_load","native":false},{"column":19,"file":"node:internal/modules/cjs/loader","function":"wrapModuleLoad","line":255,"method":null,"native":false}]}
[2026-05-23 18:23:01] ERROR: Error: listen EADDRINUSE: address already in use :::3001
    at Server.setupListenHandle [as _listen2] (node:net:1948:16)
    at listenInCluster (node:net:2005:12)
    at Server.listen (node:net:2110:7)
    at app.listen (C:\Users\Eduardo\Documents\GitHub\Proyecto-Mern\backend\node_modules\express\lib\application.js:635:24)
    at Object.<anonymous> (C:\Users\Eduardo\Documents\GitHub\Proyecto-Mern\backend\src\index.js:71:5)
    at Module._compile (node:internal/modules/cjs/loader:1812:14)
    at Object..js (node:internal/modules/cjs/loader:1943:10)
    at Module.load (node:internal/modules/cjs/loader:1533:32)
    at Module._load (node:internal/modules/cjs/loader:1335:12)
    at wrapModuleLoad (node:internal/modules/cjs/loader:255:19) | META: {"error":{"code":"EADDRINUSE","errno":-4091,"syscall":"listen","address":"::","port":3001},"exception":true,"date":"Sat May 23 2026 18:23:01 GMT-0600 (Central Standard Time)","process":{"pid":16252,"uid":null,"gid":null,"cwd":"C:\\Users\\Eduardo\\Documents\\GitHub\\Proyecto-Mern\\backend","execPath":"C:\\Program Files\\nodejs\\node.exe","version":"v24.14.1","argv":["C:\\Program Files\\nodejs\\node.exe","C:\\Users\\Eduardo\\Documents\\GitHub\\Proyecto-Mern\\backend\\src\\index.js"],"memoryUsage":{"rss":97820672,"heapTotal":59412480,"heapUsed":29986768,"external":20843740,"arrayBuffers":18264878}},"os":{"loadavg":[0,0,0],"uptime":18925.14},"trace":[{"column":16,"file":"node:net","function":"Server.setupListenHandle [as _listen2]","line":1948,"method":"setupListenHandle [as _listen2]","native":false},{"column":12,"file":"node:net","function":"listenInCluster","line":2005,"method":null,"native":false},{"column":7,"file":"node:net","function":"Server.listen","line":2110,"method":"listen","native":false},{"column":24,"file":"C:\\Users\\Eduardo\\Documents\\GitHub\\Proyecto-Mern\\backend\\node_modules\\express\\lib\\application.js","function":"app.listen","line":635,"method":"listen","native":false},{"column":5,"file":"C:\\Users\\Eduardo\\Documents\\GitHub\\Proyecto-Mern\\backend\\src\\index.js","function":null,"line":71,"method":null,"native":false},{"column":14,"file":"node:internal/modules/cjs/loader","function":"Module._compile","line":1812,"method":"_compile","native":false},{"column":10,"file":"node:internal/modules/cjs/loader","function":"Object..js","line":1943,"method":".js","native":false},{"column":32,"file":"node:internal/modules/cjs/loader","function":"Module.load","line":1533,"method":"load","native":false},{"column":12,"file":"node:internal/modules/cjs/loader","function":"Module._load","line":1335,"method":"_load","native":false},{"column":19,"file":"node:internal/modules/cjs/loader","function":"wrapModuleLoad","line":255,"method":null,"native":false}]}
[2026-05-23 18:23:17] ERROR: Error: listen EADDRINUSE: address already in use :::3001
    at Server.setupListenHandle [as _listen2] (node:net:1948:16)
    at listenInCluster (node:net:2005:12)
    at Server.listen (node:net:2110:7)
    at app.listen (C:\Users\Eduardo\Documents\GitHub\Proyecto-Mern\backend\node_modules\express\lib\application.js:635:24)
    at Object.<anonymous> (C:\Users\Eduardo\Documents\GitHub\Proyecto-Mern\backend\src\index.js:71:5)
    at Module._compile (node:internal/modules/cjs/loader:1812:14)
    at Object..js (node:internal/modules/cjs/loader:1943:10)
    at Module.load (node:internal/modules/cjs/loader:1533:32)
    at Module._load (node:internal/modules/cjs/loader:1335:12)
    at wrapModuleLoad (node:internal/modules/cjs/loader:255:19) | META: {"error":{"code":"EADDRINUSE","errno":-4091,"syscall":"listen","address":"::","port":3001},"exception":true,"date":"Sat May 23 2026 18:23:17 GMT-0600 (Central Standard Time)","process":{"pid":18976,"uid":null,"gid":null,"cwd":"C:\\Users\\Eduardo\\Documents\\GitHub\\Proyecto-Mern\\backend","execPath":"C:\\Program Files\\nodejs\\node.exe","version":"v24.14.1","argv":["C:\\Program Files\\nodejs\\node.exe","C:\\Users\\Eduardo\\Documents\\GitHub\\Proyecto-Mern\\backend\\src\\index.js"],"memoryUsage":{"rss":97402880,"heapTotal":59150336,"heapUsed":32557696,"external":20843741,"arrayBuffers":18264879}},"os":{"loadavg":[0,0,0],"uptime":18941.484},"trace":[{"column":16,"file":"node:net","function":"Server.setupListenHandle [as _listen2]","line":1948,"method":"setupListenHandle [as _listen2]","native":false},{"column":12,"file":"node:net","function":"listenInCluster","line":2005,"method":null,"native":false},{"column":7,"file":"node:net","function":"Server.listen","line":2110,"method":"listen","native":false},{"column":24,"file":"C:\\Users\\Eduardo\\Documents\\GitHub\\Proyecto-Mern\\backend\\node_modules\\express\\lib\\application.js","function":"app.listen","line":635,"method":"listen","native":false},{"column":5,"file":"C:\\Users\\Eduardo\\Documents\\GitHub\\Proyecto-Mern\\backend\\src\\index.js","function":null,"line":71,"method":null,"native":false},{"column":14,"file":"node:internal/modules/cjs/loader","function":"Module._compile","line":1812,"method":"_compile","native":false},{"column":10,"file":"node:internal/modules/cjs/loader","function":"Object..js","line":1943,"method":".js","native":false},{"column":32,"file":"node:internal/modules/cjs/loader","function":"Module.load","line":1533,"method":"load","native":false},{"column":12,"file":"node:internal/modules/cjs/loader","function":"Module._load","line":1335,"method":"_load","native":false},{"column":19,"file":"node:internal/modules/cjs/loader","function":"wrapModuleLoad","line":255,"method":null,"native":false}]}
[2026-05-23 18:25:21] ERROR: Error: listen EADDRINUSE: address already in use :::3001
    at Server.setupListenHandle [as _listen2] (node:net:1948:16)
    at listenInCluster (node:net:2005:12)
    at Server.listen (node:net:2110:7)
    at app.listen (C:\Users\Eduardo\Documents\GitHub\Proyecto-Mern\backend\node_modules\express\lib\application.js:635:24)
    at Object.<anonymous> (C:\Users\Eduardo\Documents\GitHub\Proyecto-Mern\backend\src\index.js:71:5)
    at Module._compile (node:internal/modules/cjs/loader:1812:14)
    at Object..js (node:internal/modules/cjs/loader:1943:10)
    at Module.load (node:internal/modules/cjs/loader:1533:32)
    at Module._load (node:internal/modules/cjs/loader:1335:12)
    at wrapModuleLoad (node:internal/modules/cjs/loader:255:19) | META: {"error":{"code":"EADDRINUSE","errno":-4091,"syscall":"listen","address":"::","port":3001},"exception":true,"date":"Sat May 23 2026 18:25:21 GMT-0600 (Central Standard Time)","process":{"pid":17108,"uid":null,"gid":null,"cwd":"C:\\Users\\Eduardo\\Documents\\GitHub\\Proyecto-Mern\\backend","execPath":"C:\\Program Files\\nodejs\\node.exe","version":"v24.14.1","argv":["C:\\Program Files\\nodejs\\node.exe","C:\\Users\\Eduardo\\Documents\\GitHub\\Proyecto-Mern\\backend\\src\\index.js"],"memoryUsage":{"rss":98488320,"heapTotal":58888192,"heapUsed":32683168,"external":20843741,"arrayBuffers":18264879}},"os":{"loadavg":[0,0,0],"uptime":19065.031},"trace":[{"column":16,"file":"node:net","function":"Server.setupListenHandle [as _listen2]","line":1948,"method":"setupListenHandle [as _listen2]","native":false},{"column":12,"file":"node:net","function":"listenInCluster","line":2005,"method":null,"native":false},{"column":7,"file":"node:net","function":"Server.listen","line":2110,"method":"listen","native":false},{"column":24,"file":"C:\\Users\\Eduardo\\Documents\\GitHub\\Proyecto-Mern\\backend\\node_modules\\express\\lib\\application.js","function":"app.listen","line":635,"method":"listen","native":false},{"column":5,"file":"C:\\Users\\Eduardo\\Documents\\GitHub\\Proyecto-Mern\\backend\\src\\index.js","function":null,"line":71,"method":null,"native":false},{"column":14,"file":"node:internal/modules/cjs/loader","function":"Module._compile","line":1812,"method":"_compile","native":false},{"column":10,"file":"node:internal/modules/cjs/loader","function":"Object..js","line":1943,"method":".js","native":false},{"column":32,"file":"node:internal/modules/cjs/loader","function":"Module.load","line":1533,"method":"load","native":false},{"column":12,"file":"node:internal/modules/cjs/loader","function":"Module._load","line":1335,"method":"_load","native":false},{"column":19,"file":"node:internal/modules/cjs/loader","function":"wrapModuleLoad","line":255,"method":null,"native":false}]}
[2026-05-24 00:08:35] ERROR: Error: Route.get() requires a callback function but got a [object Undefined]
    at Route.<computed> [as get] (C:\Users\Eduardo\Documents\GitHub\Proyecto-Mern\backend\node_modules\express\lib\router\route.js:216:15)
    at proto.<computed> [as get] (C:\Users\Eduardo\Documents\GitHub\Proyecto-Mern\backend\node_modules\express\lib\router\index.js:521:19)
    at Object.<anonymous> (C:\Users\Eduardo\Documents\GitHub\Proyecto-Mern\backend\src\routes\cotizaciones.js:12:8)
    at Module._compile (node:internal/modules/cjs/loader:1812:14)
    at Object..js (node:internal/modules/cjs/loader:1943:10)
    at Module.load (node:internal/modules/cjs/loader:1533:32)
    at Module._load (node:internal/modules/cjs/loader:1335:12)
    at wrapModuleLoad (node:internal/modules/cjs/loader:255:19)
    at Module.require (node:internal/modules/cjs/loader:1556:12)
    at require (node:internal/modules/helpers:152:16) | META: {"error":{},"exception":true,"date":"Sun May 24 2026 00:08:35 GMT-0600 (Central Standard Time)","process":{"pid":26124,"uid":null,"gid":null,"cwd":"C:\\Users\\Eduardo\\Documents\\GitHub\\Proyecto-Mern\\backend","execPath":"C:\\Program Files\\nodejs\\node.exe","version":"v24.14.1","argv":["C:\\Program Files\\nodejs\\node.exe","C:\\Users\\Eduardo\\Documents\\GitHub\\Proyecto-Mern\\backend\\src\\index.js"],"memoryUsage":{"rss":97927168,"heapTotal":58724352,"heapUsed":27492792,"external":20808718,"arrayBuffers":18264735}},"os":{"loadavg":[0,0,0],"uptime":39660.859},"trace":[{"column":15,"file":"C:\\Users\\Eduardo\\Documents\\GitHub\\Proyecto-Mern\\backend\\node_modules\\express\\lib\\router\\route.js","function":"Route.<computed> [as get]","line":216,"method":"<computed> [as get]","native":false},{"column":19,"file":"C:\\Users\\Eduardo\\Documents\\GitHub\\Proyecto-Mern\\backend\\node_modules\\express\\lib\\router\\index.js","function":"proto.<computed> [as get]","line":521,"method":"<computed> [as get]","native":false},{"column":8,"file":"C:\\Users\\Eduardo\\Documents\\GitHub\\Proyecto-Mern\\backend\\src\\routes\\cotizaciones.js","function":null,"line":12,"method":null,"native":false},{"column":14,"file":"node:internal/modules/cjs/loader","function":"Module._compile","line":1812,"method":"_compile","native":false},{"column":10,"file":"node:internal/modules/cjs/loader","function":"Object..js","line":1943,"method":".js","native":false},{"column":32,"file":"node:internal/modules/cjs/loader","function":"Module.load","line":1533,"method":"load","native":false},{"column":12,"file":"node:internal/modules/cjs/loader","function":"Module._load","line":1335,"method":"_load","native":false},{"column":19,"file":"node:internal/modules/cjs/loader","function":"wrapModuleLoad","line":255,"method":null,"native":false},{"column":12,"file":"node:internal/modules/cjs/loader","function":"Module.require","line":1556,"method":"require","native":false},{"column":16,"file":"node:internal/modules/helpers","function":"require","line":152,"method":null,"native":false}]}
[2026-05-24 00:23:47] ERROR: Error: Cannot find module 'multer'
Require stack:
- C:\Users\Eduardo\Documents\GitHub\Proyecto-Mern\backend\src\routes\cotizaciones.js
- C:\Users\Eduardo\Documents\GitHub\Proyecto-Mern\backend\src\index.js
    at Module._resolveFilename (node:internal/modules/cjs/loader:1456:15)
    at defaultResolveImpl (node:internal/modules/cjs/loader:1066:19)
    at resolveForCJSWithHooks (node:internal/modules/cjs/loader:1071:22)
    at Module._load (node:internal/modules/cjs/loader:1242:25)
    at wrapModuleLoad (node:internal/modules/cjs/loader:255:19)
    at Module.require (node:internal/modules/cjs/loader:1556:12)
    at require (node:internal/modules/helpers:152:16)
    at Object.<anonymous> (C:\Users\Eduardo\Documents\GitHub\Proyecto-Mern\backend\src\routes\cotizaciones.js:3:16)
    at Module._compile (node:internal/modules/cjs/loader:1812:14)
    at Object..js (node:internal/modules/cjs/loader:1943:10) | META: {"error":{"code":"MODULE_NOT_FOUND","requireStack":["C:\\Users\\Eduardo\\Documents\\GitHub\\Proyecto-Mern\\backend\\src\\routes\\cotizaciones.js","C:\\Users\\Eduardo\\Documents\\GitHub\\Proyecto-Mern\\backend\\src\\index.js"]},"exception":true,"date":"Sun May 24 2026 00:23:47 GMT-0600 (Central Standard Time)","process":{"pid":23516,"uid":null,"gid":null,"cwd":"C:\\Users\\Eduardo\\Documents\\GitHub\\Proyecto-Mern\\backend","execPath":"C:\\Program Files\\nodejs\\node.exe","version":"v24.14.1","argv":["C:\\Program Files\\nodejs\\node.exe","C:\\Users\\Eduardo\\Documents\\GitHub\\Proyecto-Mern\\backend\\src\\index.js"],"memoryUsage":{"rss":98242560,"heapTotal":58200064,"heapUsed":30775352,"external":20808720,"arrayBuffers":18264735}},"os":{"loadavg":[0,0,0],"uptime":40572.484},"trace":[{"column":15,"file":"node:internal/modules/cjs/loader","function":"Module._resolveFilename","line":1456,"method":"_resolveFilename","native":false},{"column":19,"file":"node:internal/modules/cjs/loader","function":"defaultResolveImpl","line":1066,"method":null,"native":false},{"column":22,"file":"node:internal/modules/cjs/loader","function":"resolveForCJSWithHooks","line":1071,"method":null,"native":false},{"column":25,"file":"node:internal/modules/cjs/loader","function":"Module._load","line":1242,"method":"_load","native":false},{"column":19,"file":"node:internal/modules/cjs/loader","function":"wrapModuleLoad","line":255,"method":null,"native":false},{"column":12,"file":"node:internal/modules/cjs/loader","function":"Module.require","line":1556,"method":"require","native":false},{"column":16,"file":"node:internal/modules/helpers","function":"require","line":152,"method":null,"native":false},{"column":16,"file":"C:\\Users\\Eduardo\\Documents\\GitHub\\Proyecto-Mern\\backend\\src\\routes\\cotizaciones.js","function":null,"line":3,"method":null,"native":false},{"column":14,"file":"node:internal/modules/cjs/loader","function":"Module._compile","line":1812,"method":"_compile","native":false},{"column":10,"file":"node:internal/modules/cjs/loader","function":"Object..js","line":1943,"method":".js","native":false}]}
[2026-05-24 00:24:03] ERROR: Error: Cannot find module 'multer'
Require stack:
- C:\Users\Eduardo\Documents\GitHub\Proyecto-Mern\backend\src\routes\cotizaciones.js
- C:\Users\Eduardo\Documents\GitHub\Proyecto-Mern\backend\src\index.js
    at Module._resolveFilename (node:internal/modules/cjs/loader:1456:15)
    at defaultResolveImpl (node:internal/modules/cjs/loader:1066:19)
    at resolveForCJSWithHooks (node:internal/modules/cjs/loader:1071:22)
    at Module._load (node:internal/modules/cjs/loader:1242:25)
    at wrapModuleLoad (node:internal/modules/cjs/loader:255:19)
    at Module.require (node:internal/modules/cjs/loader:1556:12)
    at require (node:internal/modules/helpers:152:16)
    at Object.<anonymous> (C:\Users\Eduardo\Documents\GitHub\Proyecto-Mern\backend\src\routes\cotizaciones.js:3:16)
    at Module._compile (node:internal/modules/cjs/loader:1812:14)
    at Object..js (node:internal/modules/cjs/loader:1943:10) | META: {"error":{"code":"MODULE_NOT_FOUND","requireStack":["C:\\Users\\Eduardo\\Documents\\GitHub\\Proyecto-Mern\\backend\\src\\routes\\cotizaciones.js","C:\\Users\\Eduardo\\Documents\\GitHub\\Proyecto-Mern\\backend\\src\\index.js"]},"exception":true,"date":"Sun May 24 2026 00:24:03 GMT-0600 (Central Standard Time)","process":{"pid":26056,"uid":null,"gid":null,"cwd":"C:\\Users\\Eduardo\\Documents\\GitHub\\Proyecto-Mern\\backend","execPath":"C:\\Program Files\\nodejs\\node.exe","version":"v24.14.1","argv":["C:\\Program Files\\nodejs\\node.exe","C:\\Users\\Eduardo\\Documents\\GitHub\\Proyecto-Mern\\backend\\src\\index.js"],"memoryUsage":{"rss":98095104,"heapTotal":57937920,"heapUsed":30858144,"external":20808720,"arrayBuffers":18264735}},"os":{"loadavg":[0,0,0],"uptime":40588.031},"trace":[{"column":15,"file":"node:internal/modules/cjs/loader","function":"Module._resolveFilename","line":1456,"method":"_resolveFilename","native":false},{"column":19,"file":"node:internal/modules/cjs/loader","function":"defaultResolveImpl","line":1066,"method":null,"native":false},{"column":22,"file":"node:internal/modules/cjs/loader","function":"resolveForCJSWithHooks","line":1071,"method":null,"native":false},{"column":25,"file":"node:internal/modules/cjs/loader","function":"Module._load","line":1242,"method":"_load","native":false},{"column":19,"file":"node:internal/modules/cjs/loader","function":"wrapModuleLoad","line":255,"method":null,"native":false},{"column":12,"file":"node:internal/modules/cjs/loader","function":"Module.require","line":1556,"method":"require","native":false},{"column":16,"file":"node:internal/modules/helpers","function":"require","line":152,"method":null,"native":false},{"column":16,"file":"C:\\Users\\Eduardo\\Documents\\GitHub\\Proyecto-Mern\\backend\\src\\routes\\cotizaciones.js","function":null,"line":3,"method":null,"native":false},{"column":14,"file":"node:internal/modules/cjs/loader","function":"Module._compile","line":1812,"method":"_compile","native":false},{"column":10,"file":"node:internal/modules/cjs/loader","function":"Object..js","line":1943,"method":".js","native":false}]}
[2026-05-24 00:28:21] ERROR: Error: Cannot find module 'multer'
Require stack:
- C:\Users\Eduardo\Documents\GitHub\Proyecto-Mern\backend\src\routes\cotizaciones.js
- C:\Users\Eduardo\Documents\GitHub\Proyecto-Mern\backend\src\index.js
    at Module._resolveFilename (node:internal/modules/cjs/loader:1456:15)
    at defaultResolveImpl (node:internal/modules/cjs/loader:1066:19)
    at resolveForCJSWithHooks (node:internal/modules/cjs/loader:1071:22)
    at Module._load (node:internal/modules/cjs/loader:1242:25)
    at wrapModuleLoad (node:internal/modules/cjs/loader:255:19)
    at Module.require (node:internal/modules/cjs/loader:1556:12)
    at require (node:internal/modules/helpers:152:16)
    at Object.<anonymous> (C:\Users\Eduardo\Documents\GitHub\Proyecto-Mern\backend\src\routes\cotizaciones.js:3:16)
    at Module._compile (node:internal/modules/cjs/loader:1812:14)
    at Object..js (node:internal/modules/cjs/loader:1943:10) | META: {"error":{"code":"MODULE_NOT_FOUND","requireStack":["C:\\Users\\Eduardo\\Documents\\GitHub\\Proyecto-Mern\\backend\\src\\routes\\cotizaciones.js","C:\\Users\\Eduardo\\Documents\\GitHub\\Proyecto-Mern\\backend\\src\\index.js"]},"exception":true,"date":"Sun May 24 2026 00:28:21 GMT-0600 (Central Standard Time)","process":{"pid":19380,"uid":null,"gid":null,"cwd":"C:\\Users\\Eduardo\\Documents\\GitHub\\Proyecto-Mern\\backend","execPath":"C:\\Program Files\\nodejs\\node.exe","version":"v24.14.1","argv":["C:\\Program Files\\nodejs\\node.exe","C:\\Users\\Eduardo\\Documents\\GitHub\\Proyecto-Mern\\backend\\src\\index.js"],"memoryUsage":{"rss":98287616,"heapTotal":58200064,"heapUsed":30568856,"external":20808720,"arrayBuffers":18264735}},"os":{"loadavg":[0,0,0],"uptime":40846.156},"trace":[{"column":15,"file":"node:internal/modules/cjs/loader","function":"Module._resolveFilename","line":1456,"method":"_resolveFilename","native":false},{"column":19,"file":"node:internal/modules/cjs/loader","function":"defaultResolveImpl","line":1066,"method":null,"native":false},{"column":22,"file":"node:internal/modules/cjs/loader","function":"resolveForCJSWithHooks","line":1071,"method":null,"native":false},{"column":25,"file":"node:internal/modules/cjs/loader","function":"Module._load","line":1242,"method":"_load","native":false},{"column":19,"file":"node:internal/modules/cjs/loader","function":"wrapModuleLoad","line":255,"method":null,"native":false},{"column":12,"file":"node:internal/modules/cjs/loader","function":"Module.require","line":1556,"method":"require","native":false},{"column":16,"file":"node:internal/modules/helpers","function":"require","line":152,"method":null,"native":false},{"column":16,"file":"C:\\Users\\Eduardo\\Documents\\GitHub\\Proyecto-Mern\\backend\\src\\routes\\cotizaciones.js","function":null,"line":3,"method":null,"native":false},{"column":14,"file":"node:internal/modules/cjs/loader","function":"Module._compile","line":1812,"method":"_compile","native":false},{"column":10,"file":"node:internal/modules/cjs/loader","function":"Object..js","line":1943,"method":".js","native":false}]}
[2026-05-24 00:28:41] ERROR: Error: Cannot find module 'multer'
Require stack:
- C:\Users\Eduardo\Documents\GitHub\Proyecto-Mern\backend\src\routes\cotizaciones.js
- C:\Users\Eduardo\Documents\GitHub\Proyecto-Mern\backend\src\index.js
    at Module._resolveFilename (node:internal/modules/cjs/loader:1456:15)
    at defaultResolveImpl (node:internal/modules/cjs/loader:1066:19)
    at resolveForCJSWithHooks (node:internal/modules/cjs/loader:1071:22)
    at Module._load (node:internal/modules/cjs/loader:1242:25)
    at wrapModuleLoad (node:internal/modules/cjs/loader:255:19)
    at Module.require (node:internal/modules/cjs/loader:1556:12)
    at require (node:internal/modules/helpers:152:16)
    at Object.<anonymous> (C:\Users\Eduardo\Documents\GitHub\Proyecto-Mern\backend\src\routes\cotizaciones.js:3:16)
    at Module._compile (node:internal/modules/cjs/loader:1812:14)
    at Object..js (node:internal/modules/cjs/loader:1943:10) | META: {"error":{"code":"MODULE_NOT_FOUND","requireStack":["C:\\Users\\Eduardo\\Documents\\GitHub\\Proyecto-Mern\\backend\\src\\routes\\cotizaciones.js","C:\\Users\\Eduardo\\Documents\\GitHub\\Proyecto-Mern\\backend\\src\\index.js"]},"exception":true,"date":"Sun May 24 2026 00:28:41 GMT-0600 (Central Standard Time)","process":{"pid":3028,"uid":null,"gid":null,"cwd":"C:\\Users\\Eduardo\\Documents\\GitHub\\Proyecto-Mern\\backend","execPath":"C:\\Program Files\\nodejs\\node.exe","version":"v24.14.1","argv":["C:\\Program Files\\nodejs\\node.exe","C:\\Users\\Eduardo\\Documents\\GitHub\\Proyecto-Mern\\backend\\src\\index.js"],"memoryUsage":{"rss":98091008,"heapTotal":57937920,"heapUsed":31072920,"external":20808720,"arrayBuffers":18264735}},"os":{"loadavg":[0,0,0],"uptime":40866.515},"trace":[{"column":15,"file":"node:internal/modules/cjs/loader","function":"Module._resolveFilename","line":1456,"method":"_resolveFilename","native":false},{"column":19,"file":"node:internal/modules/cjs/loader","function":"defaultResolveImpl","line":1066,"method":null,"native":false},{"column":22,"file":"node:internal/modules/cjs/loader","function":"resolveForCJSWithHooks","line":1071,"method":null,"native":false},{"column":25,"file":"node:internal/modules/cjs/loader","function":"Module._load","line":1242,"method":"_load","native":false},{"column":19,"file":"node:internal/modules/cjs/loader","function":"wrapModuleLoad","line":255,"method":null,"native":false},{"column":12,"file":"node:internal/modules/cjs/loader","function":"Module.require","line":1556,"method":"require","native":false},{"column":16,"file":"node:internal/modules/helpers","function":"require","line":152,"method":null,"native":false},{"column":16,"file":"C:\\Users\\Eduardo\\Documents\\GitHub\\Proyecto-Mern\\backend\\src\\routes\\cotizaciones.js","function":null,"line":3,"method":null,"native":false},{"column":14,"file":"node:internal/modules/cjs/loader","function":"Module._compile","line":1812,"method":"_compile","native":false},{"column":10,"file":"node:internal/modules/cjs/loader","function":"Object..js","line":1943,"method":".js","native":false}]}
[2026-05-24 00:29:13] ERROR: Error: Cannot find module 'multer'
Require stack:
- C:\Users\Eduardo\Documents\GitHub\Proyecto-Mern\backend\src\routes\cotizaciones.js
- C:\Users\Eduardo\Documents\GitHub\Proyecto-Mern\backend\src\index.js
    at Module._resolveFilename (node:internal/modules/cjs/loader:1456:15)
    at defaultResolveImpl (node:internal/modules/cjs/loader:1066:19)
    at resolveForCJSWithHooks (node:internal/modules/cjs/loader:1071:22)
    at Module._load (node:internal/modules/cjs/loader:1242:25)
    at wrapModuleLoad (node:internal/modules/cjs/loader:255:19)
    at Module.require (node:internal/modules/cjs/loader:1556:12)
    at require (node:internal/modules/helpers:152:16)
    at Object.<anonymous> (C:\Users\Eduardo\Documents\GitHub\Proyecto-Mern\backend\src\routes\cotizaciones.js:3:16)
    at Module._compile (node:internal/modules/cjs/loader:1812:14)
    at Object..js (node:internal/modules/cjs/loader:1943:10) | META: {"error":{"code":"MODULE_NOT_FOUND","requireStack":["C:\\Users\\Eduardo\\Documents\\GitHub\\Proyecto-Mern\\backend\\src\\routes\\cotizaciones.js","C:\\Users\\Eduardo\\Documents\\GitHub\\Proyecto-Mern\\backend\\src\\index.js"]},"exception":true,"date":"Sun May 24 2026 00:29:13 GMT-0600 (Central Standard Time)","process":{"pid":20136,"uid":null,"gid":null,"cwd":"C:\\Users\\Eduardo\\Documents\\GitHub\\Proyecto-Mern\\backend","execPath":"C:\\Program Files\\nodejs\\node.exe","version":"v24.14.1","argv":["C:\\Program Files\\nodejs\\node.exe","C:\\Users\\Eduardo\\Documents\\GitHub\\Proyecto-Mern\\backend\\src\\index.js"],"memoryUsage":{"rss":98107392,"heapTotal":58200064,"heapUsed":31003576,"external":20808720,"arrayBuffers":18264735}},"os":{"loadavg":[0,0,0],"uptime":40898.812},"trace":[{"column":15,"file":"node:internal/modules/cjs/loader","function":"Module._resolveFilename","line":1456,"method":"_resolveFilename","native":false},{"column":19,"file":"node:internal/modules/cjs/loader","function":"defaultResolveImpl","line":1066,"method":null,"native":false},{"column":22,"file":"node:internal/modules/cjs/loader","function":"resolveForCJSWithHooks","line":1071,"method":null,"native":false},{"column":25,"file":"node:internal/modules/cjs/loader","function":"Module._load","line":1242,"method":"_load","native":false},{"column":19,"file":"node:internal/modules/cjs/loader","function":"wrapModuleLoad","line":255,"method":null,"native":false},{"column":12,"file":"node:internal/modules/cjs/loader","function":"Module.require","line":1556,"method":"require","native":false},{"column":16,"file":"node:internal/modules/helpers","function":"require","line":152,"method":null,"native":false},{"column":16,"file":"C:\\Users\\Eduardo\\Documents\\GitHub\\Proyecto-Mern\\backend\\src\\routes\\cotizaciones.js","function":null,"line":3,"method":null,"native":false},{"column":14,"file":"node:internal/modules/cjs/loader","function":"Module._compile","line":1812,"method":"_compile","native":false},{"column":10,"file":"node:internal/modules/cjs/loader","function":"Object..js","line":1943,"method":".js","native":false}]}
[2026-05-24 00:36:29] ERROR: Error: Cannot find module 'multer'
Require stack:
- C:\Users\Eduardo\Documents\GitHub\Proyecto-Mern\backend\src\routes\cotizaciones.js
- C:\Users\Eduardo\Documents\GitHub\Proyecto-Mern\backend\src\index.js
    at Module._resolveFilename (node:internal/modules/cjs/loader:1456:15)
    at defaultResolveImpl (node:internal/modules/cjs/loader:1066:19)
    at resolveForCJSWithHooks (node:internal/modules/cjs/loader:1071:22)
    at Module._load (node:internal/modules/cjs/loader:1242:25)
    at wrapModuleLoad (node:internal/modules/cjs/loader:255:19)
    at Module.require (node:internal/modules/cjs/loader:1556:12)
    at require (node:internal/modules/helpers:152:16)
    at Object.<anonymous> (C:\Users\Eduardo\Documents\GitHub\Proyecto-Mern\backend\src\routes\cotizaciones.js:3:16)
    at Module._compile (node:internal/modules/cjs/loader:1812:14)
    at Object..js (node:internal/modules/cjs/loader:1943:10) | META: {"error":{"code":"MODULE_NOT_FOUND","requireStack":["C:\\Users\\Eduardo\\Documents\\GitHub\\Proyecto-Mern\\backend\\src\\routes\\cotizaciones.js","C:\\Users\\Eduardo\\Documents\\GitHub\\Proyecto-Mern\\backend\\src\\index.js"]},"exception":true,"date":"Sun May 24 2026 00:36:29 GMT-0600 (Central Standard Time)","process":{"pid":4220,"uid":null,"gid":null,"cwd":"C:\\Users\\Eduardo\\Documents\\GitHub\\Proyecto-Mern\\backend","execPath":"C:\\Program Files\\nodejs\\node.exe","version":"v24.14.1","argv":["C:\\Program Files\\nodejs\\node.exe","C:\\Users\\Eduardo\\Documents\\GitHub\\Proyecto-Mern\\backend\\src\\index.js"],"memoryUsage":{"rss":97910784,"heapTotal":57937920,"heapUsed":30515792,"external":20683350,"arrayBuffers":18264559}},"os":{"loadavg":[0,0,0],"uptime":41333.968},"trace":[{"column":15,"file":"node:internal/modules/cjs/loader","function":"Module._resolveFilename","line":1456,"method":"_resolveFilename","native":false},{"column":19,"file":"node:internal/modules/cjs/loader","function":"defaultResolveImpl","line":1066,"method":null,"native":false},{"column":22,"file":"node:internal/modules/cjs/loader","function":"resolveForCJSWithHooks","line":1071,"method":null,"native":false},{"column":25,"file":"node:internal/modules/cjs/loader","function":"Module._load","line":1242,"method":"_load","native":false},{"column":19,"file":"node:internal/modules/cjs/loader","function":"wrapModuleLoad","line":255,"method":null,"native":false},{"column":12,"file":"node:internal/modules/cjs/loader","function":"Module.require","line":1556,"method":"require","native":false},{"column":16,"file":"node:internal/modules/helpers","function":"require","line":152,"method":null,"native":false},{"column":16,"file":"C:\\Users\\Eduardo\\Documents\\GitHub\\Proyecto-Mern\\backend\\src\\routes\\cotizaciones.js","function":null,"line":3,"method":null,"native":false},{"column":14,"file":"node:internal/modules/cjs/loader","function":"Module._compile","line":1812,"method":"_compile","native":false},{"column":10,"file":"node:internal/modules/cjs/loader","function":"Object..js","line":1943,"method":".js","native":false}]}
[2026-05-24 00:36:39] ERROR: Error: Cannot find module 'multer'
Require stack:
- C:\Users\Eduardo\Documents\GitHub\Proyecto-Mern\backend\src\routes\cotizaciones.js
- C:\Users\Eduardo\Documents\GitHub\Proyecto-Mern\backend\src\index.js
    at Module._resolveFilename (node:internal/modules/cjs/loader:1456:15)
    at defaultResolveImpl (node:internal/modules/cjs/loader:1066:19)
    at resolveForCJSWithHooks (node:internal/modules/cjs/loader:1071:22)
    at Module._load (node:internal/modules/cjs/loader:1242:25)
    at wrapModuleLoad (node:internal/modules/cjs/loader:255:19)
    at Module.require (node:internal/modules/cjs/loader:1556:12)
    at require (node:internal/modules/helpers:152:16)
    at Object.<anonymous> (C:\Users\Eduardo\Documents\GitHub\Proyecto-Mern\backend\src\routes\cotizaciones.js:3:16)
    at Module._compile (node:internal/modules/cjs/loader:1812:14)
    at Object..js (node:internal/modules/cjs/loader:1943:10) | META: {"error":{"code":"MODULE_NOT_FOUND","requireStack":["C:\\Users\\Eduardo\\Documents\\GitHub\\Proyecto-Mern\\backend\\src\\routes\\cotizaciones.js","C:\\Users\\Eduardo\\Documents\\GitHub\\Proyecto-Mern\\backend\\src\\index.js"]},"exception":true,"date":"Sun May 24 2026 00:36:39 GMT-0600 (Central Standard Time)","process":{"pid":4068,"uid":null,"gid":null,"cwd":"C:\\Users\\Eduardo\\Documents\\GitHub\\Proyecto-Mern\\backend","execPath":"C:\\Program Files\\nodejs\\node.exe","version":"v24.14.1","argv":["C:\\Program Files\\nodejs\\node.exe","C:\\Users\\Eduardo\\Documents\\GitHub\\Proyecto-Mern\\backend\\src\\index.js"],"memoryUsage":{"rss":96686080,"heapTotal":57937920,"heapUsed":30488584,"external":20683349,"arrayBuffers":18264560}},"os":{"loadavg":[0,0,0],"uptime":41344.25},"trace":[{"column":15,"file":"node:internal/modules/cjs/loader","function":"Module._resolveFilename","line":1456,"method":"_resolveFilename","native":false},{"column":19,"file":"node:internal/modules/cjs/loader","function":"defaultResolveImpl","line":1066,"method":null,"native":false},{"column":22,"file":"node:internal/modules/cjs/loader","function":"resolveForCJSWithHooks","line":1071,"method":null,"native":false},{"column":25,"file":"node:internal/modules/cjs/loader","function":"Module._load","line":1242,"method":"_load","native":false},{"column":19,"file":"node:internal/modules/cjs/loader","function":"wrapModuleLoad","line":255,"method":null,"native":false},{"column":12,"file":"node:internal/modules/cjs/loader","function":"Module.require","line":1556,"method":"require","native":false},{"column":16,"file":"node:internal/modules/helpers","function":"require","line":152,"method":null,"native":false},{"column":16,"file":"C:\\Users\\Eduardo\\Documents\\GitHub\\Proyecto-Mern\\backend\\src\\routes\\cotizaciones.js","function":null,"line":3,"method":null,"native":false},{"column":14,"file":"node:internal/modules/cjs/loader","function":"Module._compile","line":1812,"method":"_compile","native":false},{"column":10,"file":"node:internal/modules/cjs/loader","function":"Object..js","line":1943,"method":".js","native":false}]}
[2026-05-24 00:37:24] ERROR: Error: Route.post() requires a callback function but got a [object Undefined]
    at Route.<computed> [as post] (C:\Users\Eduardo\Documents\GitHub\Proyecto-Mern\backend\node_modules\express\lib\router\route.js:216:15)
    at proto.<computed> [as post] (C:\Users\Eduardo\Documents\GitHub\Proyecto-Mern\backend\node_modules\express\lib\router\index.js:521:19)
    at Object.<anonymous> (C:\Users\Eduardo\Documents\GitHub\Proyecto-Mern\backend\src\routes\cotizaciones.js:48:8)
    at Module._compile (node:internal/modules/cjs/loader:1812:14)
    at Object..js (node:internal/modules/cjs/loader:1943:10)
    at Module.load (node:internal/modules/cjs/loader:1533:32)
    at Module._load (node:internal/modules/cjs/loader:1335:12)
    at wrapModuleLoad (node:internal/modules/cjs/loader:255:19)
    at Module.require (node:internal/modules/cjs/loader:1556:12)
    at require (node:internal/modules/helpers:152:16) | META: {"error":{},"exception":true,"date":"Sun May 24 2026 00:37:24 GMT-0600 (Central Standard Time)","process":{"pid":22208,"uid":null,"gid":null,"cwd":"C:\\Users\\Eduardo\\Documents\\GitHub\\Proyecto-Mern\\backend","execPath":"C:\\Program Files\\nodejs\\node.exe","version":"v24.14.1","argv":["C:\\Program Files\\nodejs\\node.exe","C:\\Users\\Eduardo\\Documents\\GitHub\\Proyecto-Mern\\backend\\src\\index.js"],"memoryUsage":{"rss":100384768,"heapTotal":58724352,"heapUsed":32950224,"external":20808720,"arrayBuffers":18264735}},"os":{"loadavg":[0,0,0],"uptime":41389.375},"trace":[{"column":15,"file":"C:\\Users\\Eduardo\\Documents\\GitHub\\Proyecto-Mern\\backend\\node_modules\\express\\lib\\router\\route.js","function":"Route.<computed> [as post]","line":216,"method":"<computed> [as post]","native":false},{"column":19,"file":"C:\\Users\\Eduardo\\Documents\\GitHub\\Proyecto-Mern\\backend\\node_modules\\express\\lib\\router\\index.js","function":"proto.<computed> [as post]","line":521,"method":"<computed> [as post]","native":false},{"column":8,"file":"C:\\Users\\Eduardo\\Documents\\GitHub\\Proyecto-Mern\\backend\\src\\routes\\cotizaciones.js","function":null,"line":48,"method":null,"native":false},{"column":14,"file":"node:internal/modules/cjs/loader","function":"Module._compile","line":1812,"method":"_compile","native":false},{"column":10,"file":"node:internal/modules/cjs/loader","function":"Object..js","line":1943,"method":".js","native":false},{"column":32,"file":"node:internal/modules/cjs/loader","function":"Module.load","line":1533,"method":"load","native":false},{"column":12,"file":"node:internal/modules/cjs/loader","function":"Module._load","line":1335,"method":"_load","native":false},{"column":19,"file":"node:internal/modules/cjs/loader","function":"wrapModuleLoad","line":255,"method":null,"native":false},{"column":12,"file":"node:internal/modules/cjs/loader","function":"Module.require","line":1556,"method":"require","native":false},{"column":16,"file":"node:internal/modules/helpers","function":"require","line":152,"method":null,"native":false}]}
[2026-05-24 00:37:24] ERROR: Error: Route.post() requires a callback function but got a [object Undefined]
    at Route.<computed> [as post] (C:\Users\Eduardo\Documents\GitHub\Proyecto-Mern\backend\node_modules\express\lib\router\route.js:216:15)
    at proto.<computed> [as post] (C:\Users\Eduardo\Documents\GitHub\Proyecto-Mern\backend\node_modules\express\lib\router\index.js:521:19)
    at Object.<anonymous> (C:\Users\Eduardo\Documents\GitHub\Proyecto-Mern\backend\src\routes\cotizaciones.js:48:8)
    at Module._compile (node:internal/modules/cjs/loader:1812:14)
    at Object..js (node:internal/modules/cjs/loader:1943:10)
    at Module.load (node:internal/modules/cjs/loader:1533:32)
    at Module._load (node:internal/modules/cjs/loader:1335:12)
    at wrapModuleLoad (node:internal/modules/cjs/loader:255:19)
    at Module.require (node:internal/modules/cjs/loader:1556:12)
    at require (node:internal/modules/helpers:152:16) | META: {"error":{},"exception":true,"date":"Sun May 24 2026 00:37:24 GMT-0600 (Central Standard Time)","process":{"pid":17268,"uid":null,"gid":null,"cwd":"C:\\Users\\Eduardo\\Documents\\GitHub\\Proyecto-Mern\\backend","execPath":"C:\\Program Files\\nodejs\\node.exe","version":"v24.14.1","argv":["C:\\Program Files\\nodejs\\node.exe","C:\\Users\\Eduardo\\Documents\\GitHub\\Proyecto-Mern\\backend\\src\\index.js"],"memoryUsage":{"rss":99909632,"heapTotal":58200064,"heapUsed":32415640,"external":20808720,"arrayBuffers":18264735}},"os":{"loadavg":[0,0,0],"uptime":41389.375},"trace":[{"column":15,"file":"C:\\Users\\Eduardo\\Documents\\GitHub\\Proyecto-Mern\\backend\\node_modules\\express\\lib\\router\\route.js","function":"Route.<computed> [as post]","line":216,"method":"<computed> [as post]","native":false},{"column":19,"file":"C:\\Users\\Eduardo\\Documents\\GitHub\\Proyecto-Mern\\backend\\node_modules\\express\\lib\\router\\index.js","function":"proto.<computed> [as post]","line":521,"method":"<computed> [as post]","native":false},{"column":8,"file":"C:\\Users\\Eduardo\\Documents\\GitHub\\Proyecto-Mern\\backend\\src\\routes\\cotizaciones.js","function":null,"line":48,"method":null,"native":false},{"column":14,"file":"node:internal/modules/cjs/loader","function":"Module._compile","line":1812,"method":"_compile","native":false},{"column":10,"file":"node:internal/modules/cjs/loader","function":"Object..js","line":1943,"method":".js","native":false},{"column":32,"file":"node:internal/modules/cjs/loader","function":"Module.load","line":1533,"method":"load","native":false},{"column":12,"file":"node:internal/modules/cjs/loader","function":"Module._load","line":1335,"method":"_load","native":false},{"column":19,"file":"node:internal/modules/cjs/loader","function":"wrapModuleLoad","line":255,"method":null,"native":false},{"column":12,"file":"node:internal/modules/cjs/loader","function":"Module.require","line":1556,"method":"require","native":false},{"column":16,"file":"node:internal/modules/helpers","function":"require","line":152,"method":null,"native":false}]}
[2026-05-24 00:37:29] ERROR: Error: Route.post() requires a callback function but got a [object Undefined]
    at Route.<computed> [as post] (C:\Users\Eduardo\Documents\GitHub\Proyecto-Mern\backend\node_modules\express\lib\router\route.js:216:15)
    at proto.<computed> [as post] (C:\Users\Eduardo\Documents\GitHub\Proyecto-Mern\backend\node_modules\express\lib\router\index.js:521:19)
    at Object.<anonymous> (C:\Users\Eduardo\Documents\GitHub\Proyecto-Mern\backend\src\routes\cotizaciones.js:48:8)
    at Module._compile (node:internal/modules/cjs/loader:1812:14)
    at Object..js (node:internal/modules/cjs/loader:1943:10)
    at Module.load (node:internal/modules/cjs/loader:1533:32)
    at Module._load (node:internal/modules/cjs/loader:1335:12)
    at wrapModuleLoad (node:internal/modules/cjs/loader:255:19)
    at Module.require (node:internal/modules/cjs/loader:1556:12)
    at require (node:internal/modules/helpers:152:16) | META: {"error":{},"exception":true,"date":"Sun May 24 2026 00:37:29 GMT-0600 (Central Standard Time)","process":{"pid":14184,"uid":null,"gid":null,"cwd":"C:\\Users\\Eduardo\\Documents\\GitHub\\Proyecto-Mern\\backend","execPath":"C:\\Program Files\\nodejs\\node.exe","version":"v24.14.1","argv":["C:\\Program Files\\nodejs\\node.exe","C:\\Users\\Eduardo\\Documents\\GitHub\\Proyecto-Mern\\backend\\src\\index.js"],"memoryUsage":{"rss":98918400,"heapTotal":58200064,"heapUsed":33025584,"external":20808720,"arrayBuffers":18264735}},"os":{"loadavg":[0,0,0],"uptime":41394.718},"trace":[{"column":15,"file":"C:\\Users\\Eduardo\\Documents\\GitHub\\Proyecto-Mern\\backend\\node_modules\\express\\lib\\router\\route.js","function":"Route.<computed> [as post]","line":216,"method":"<computed> [as post]","native":false},{"column":19,"file":"C:\\Users\\Eduardo\\Documents\\GitHub\\Proyecto-Mern\\backend\\node_modules\\express\\lib\\router\\index.js","function":"proto.<computed> [as post]","line":521,"method":"<computed> [as post]","native":false},{"column":8,"file":"C:\\Users\\Eduardo\\Documents\\GitHub\\Proyecto-Mern\\backend\\src\\routes\\cotizaciones.js","function":null,"line":48,"method":null,"native":false},{"column":14,"file":"node:internal/modules/cjs/loader","function":"Module._compile","line":1812,"method":"_compile","native":false},{"column":10,"file":"node:internal/modules/cjs/loader","function":"Object..js","line":1943,"method":".js","native":false},{"column":32,"file":"node:internal/modules/cjs/loader","function":"Module.load","line":1533,"method":"load","native":false},{"column":12,"file":"node:internal/modules/cjs/loader","function":"Module._load","line":1335,"method":"_load","native":false},{"column":19,"file":"node:internal/modules/cjs/loader","function":"wrapModuleLoad","line":255,"method":null,"native":false},{"column":12,"file":"node:internal/modules/cjs/loader","function":"Module.require","line":1556,"method":"require","native":false},{"column":16,"file":"node:internal/modules/helpers","function":"require","line":152,"method":null,"native":false}]}
[2026-05-24 00:40:44] ERROR: Error: listen EADDRINUSE: address already in use :::3001
    at Server.setupListenHandle [as _listen2] (node:net:1948:16)
    at listenInCluster (node:net:2005:12)
    at Server.listen (node:net:2110:7)
    at app.listen (C:\Users\Eduardo\Documents\GitHub\Proyecto-Mern\backend\node_modules\express\lib\application.js:635:24)
    at Object.<anonymous> (C:\Users\Eduardo\Documents\GitHub\Proyecto-Mern\backend\src\index.js:77:5)
    at Module._compile (node:internal/modules/cjs/loader:1812:14)
    at Object..js (node:internal/modules/cjs/loader:1943:10)
    at Module.load (node:internal/modules/cjs/loader:1533:32)
    at Module._load (node:internal/modules/cjs/loader:1335:12)
    at wrapModuleLoad (node:internal/modules/cjs/loader:255:19) | META: {"error":{"code":"EADDRINUSE","errno":-4091,"syscall":"listen","address":"::","port":3001},"exception":true,"date":"Sun May 24 2026 00:40:44 GMT-0600 (Central Standard Time)","process":{"pid":21396,"uid":null,"gid":null,"cwd":"C:\\Users\\Eduardo\\Documents\\GitHub\\Proyecto-Mern\\backend","execPath":"C:\\Program Files\\nodejs\\node.exe","version":"v24.14.1","argv":["C:\\Program Files\\nodejs\\node.exe","C:\\Users\\Eduardo\\Documents\\GitHub\\Proyecto-Mern\\backend\\src\\index.js"],"memoryUsage":{"rss":101261312,"heapTotal":59150336,"heapUsed":34777576,"external":20870754,"arrayBuffers":18265054}},"os":{"loadavg":[0,0,0],"uptime":41589.343},"trace":[{"column":16,"file":"node:net","function":"Server.setupListenHandle [as _listen2]","line":1948,"method":"setupListenHandle [as _listen2]","native":false},{"column":12,"file":"node:net","function":"listenInCluster","line":2005,"method":null,"native":false},{"column":7,"file":"node:net","function":"Server.listen","line":2110,"method":"listen","native":false},{"column":24,"file":"C:\\Users\\Eduardo\\Documents\\GitHub\\Proyecto-Mern\\backend\\node_modules\\express\\lib\\application.js","function":"app.listen","line":635,"method":"listen","native":false},{"column":5,"file":"C:\\Users\\Eduardo\\Documents\\GitHub\\Proyecto-Mern\\backend\\src\\index.js","function":null,"line":77,"method":null,"native":false},{"column":14,"file":"node:internal/modules/cjs/loader","function":"Module._compile","line":1812,"method":"_compile","native":false},{"column":10,"file":"node:internal/modules/cjs/loader","function":"Object..js","line":1943,"method":".js","native":false},{"column":32,"file":"node:internal/modules/cjs/loader","function":"Module.load","line":1533,"method":"load","native":false},{"column":12,"file":"node:internal/modules/cjs/loader","function":"Module._load","line":1335,"method":"_load","native":false},{"column":19,"file":"node:internal/modules/cjs/loader","function":"wrapModuleLoad","line":255,"method":null,"native":false}]}
[2026-05-24 00:40:44] ERROR: Error: listen EADDRINUSE: address already in use :::3001
    at Server.setupListenHandle [as _listen2] (node:net:1948:16)
    at listenInCluster (node:net:2005:12)
    at Server.listen (node:net:2110:7)
    at app.listen (C:\Users\Eduardo\Documents\GitHub\Proyecto-Mern\backend\node_modules\express\lib\application.js:635:24)
    at Object.<anonymous> (C:\Users\Eduardo\Documents\GitHub\Proyecto-Mern\backend\src\index.js:77:5)
    at Module._compile (node:internal/modules/cjs/loader:1812:14)
    at Object..js (node:internal/modules/cjs/loader:1943:10)
    at Module.load (node:internal/modules/cjs/loader:1533:32)
    at Module._load (node:internal/modules/cjs/loader:1335:12)
    at wrapModuleLoad (node:internal/modules/cjs/loader:255:19) | META: {"error":{"code":"EADDRINUSE","errno":-4091,"syscall":"listen","address":"::","port":3001},"exception":true,"date":"Sun May 24 2026 00:40:44 GMT-0600 (Central Standard Time)","process":{"pid":22256,"uid":null,"gid":null,"cwd":"C:\\Users\\Eduardo\\Documents\\GitHub\\Proyecto-Mern\\backend","execPath":"C:\\Program Files\\nodejs\\node.exe","version":"v24.14.1","argv":["C:\\Program Files\\nodejs\\node.exe","C:\\Users\\Eduardo\\Documents\\GitHub\\Proyecto-Mern\\backend\\src\\index.js"],"memoryUsage":{"rss":101183488,"heapTotal":59150336,"heapUsed":34633984,"external":20870754,"arrayBuffers":18265054}},"os":{"loadavg":[0,0,0],"uptime":41589.359},"trace":[{"column":16,"file":"node:net","function":"Server.setupListenHandle [as _listen2]","line":1948,"method":"setupListenHandle [as _listen2]","native":false},{"column":12,"file":"node:net","function":"listenInCluster","line":2005,"method":null,"native":false},{"column":7,"file":"node:net","function":"Server.listen","line":2110,"method":"listen","native":false},{"column":24,"file":"C:\\Users\\Eduardo\\Documents\\GitHub\\Proyecto-Mern\\backend\\node_modules\\express\\lib\\application.js","function":"app.listen","line":635,"method":"listen","native":false},{"column":5,"file":"C:\\Users\\Eduardo\\Documents\\GitHub\\Proyecto-Mern\\backend\\src\\index.js","function":null,"line":77,"method":null,"native":false},{"column":14,"file":"node:internal/modules/cjs/loader","function":"Module._compile","line":1812,"method":"_compile","native":false},{"column":10,"file":"node:internal/modules/cjs/loader","function":"Object..js","line":1943,"method":".js","native":false},{"column":32,"file":"node:internal/modules/cjs/loader","function":"Module.load","line":1533,"method":"load","native":false},{"column":12,"file":"node:internal/modules/cjs/loader","function":"Module._load","line":1335,"method":"_load","native":false},{"column":19,"file":"node:internal/modules/cjs/loader","function":"wrapModuleLoad","line":255,"method":null,"native":false}]}
[2026-05-24 00:40:51] ERROR: Error: listen EADDRINUSE: address already in use :::3001
    at Server.setupListenHandle [as _listen2] (node:net:1948:16)
    at listenInCluster (node:net:2005:12)
    at Server.listen (node:net:2110:7)
    at app.listen (C:\Users\Eduardo\Documents\GitHub\Proyecto-Mern\backend\node_modules\express\lib\application.js:635:24)
    at Object.<anonymous> (C:\Users\Eduardo\Documents\GitHub\Proyecto-Mern\backend\src\index.js:77:5)
    at Module._compile (node:internal/modules/cjs/loader:1812:14)
    at Object..js (node:internal/modules/cjs/loader:1943:10)
    at Module.load (node:internal/modules/cjs/loader:1533:32)
    at Module._load (node:internal/modules/cjs/loader:1335:12)
    at wrapModuleLoad (node:internal/modules/cjs/loader:255:19) | META: {"error":{"code":"EADDRINUSE","errno":-4091,"syscall":"listen","address":"::","port":3001},"exception":true,"date":"Sun May 24 2026 00:40:51 GMT-0600 (Central Standard Time)","process":{"pid":11672,"uid":null,"gid":null,"cwd":"C:\\Users\\Eduardo\\Documents\\GitHub\\Proyecto-Mern\\backend","execPath":"C:\\Program Files\\nodejs\\node.exe","version":"v24.14.1","argv":["C:\\Program Files\\nodejs\\node.exe","C:\\Users\\Eduardo\\Documents\\GitHub\\Proyecto-Mern\\backend\\src\\index.js"],"memoryUsage":{"rss":98926592,"heapTotal":59412480,"heapUsed":32275424,"external":20843740,"arrayBuffers":18264878}},"os":{"loadavg":[0,0,0],"uptime":41596.625},"trace":[{"column":16,"file":"node:net","function":"Server.setupListenHandle [as _listen2]","line":1948,"method":"setupListenHandle [as _listen2]","native":false},{"column":12,"file":"node:net","function":"listenInCluster","line":2005,"method":null,"native":false},{"column":7,"file":"node:net","function":"Server.listen","line":2110,"method":"listen","native":false},{"column":24,"file":"C:\\Users\\Eduardo\\Documents\\GitHub\\Proyecto-Mern\\backend\\node_modules\\express\\lib\\application.js","function":"app.listen","line":635,"method":"listen","native":false},{"column":5,"file":"C:\\Users\\Eduardo\\Documents\\GitHub\\Proyecto-Mern\\backend\\src\\index.js","function":null,"line":77,"method":null,"native":false},{"column":14,"file":"node:internal/modules/cjs/loader","function":"Module._compile","line":1812,"method":"_compile","native":false},{"column":10,"file":"node:internal/modules/cjs/loader","function":"Object..js","line":1943,"method":".js","native":false},{"column":32,"file":"node:internal/modules/cjs/loader","function":"Module.load","line":1533,"method":"load","native":false},{"column":12,"file":"node:internal/modules/cjs/loader","function":"Module._load","line":1335,"method":"_load","native":false},{"column":19,"file":"node:internal/modules/cjs/loader","function":"wrapModuleLoad","line":255,"method":null,"native":false}]}
[2026-05-24 00:40:59] ERROR: Error: listen EADDRINUSE: address already in use :::3001
    at Server.setupListenHandle [as _listen2] (node:net:1948:16)
    at listenInCluster (node:net:2005:12)
    at Server.listen (node:net:2110:7)
    at app.listen (C:\Users\Eduardo\Documents\GitHub\Proyecto-Mern\backend\node_modules\express\lib\application.js:635:24)
    at Object.<anonymous> (C:\Users\Eduardo\Documents\GitHub\Proyecto-Mern\backend\src\index.js:77:5)
    at Module._compile (node:internal/modules/cjs/loader:1812:14)
    at Object..js (node:internal/modules/cjs/loader:1943:10)
    at Module.load (node:internal/modules/cjs/loader:1533:32)
    at Module._load (node:internal/modules/cjs/loader:1335:12)
    at wrapModuleLoad (node:internal/modules/cjs/loader:255:19) | META: {"error":{"code":"EADDRINUSE","errno":-4091,"syscall":"listen","address":"::","port":3001},"exception":true,"date":"Sun May 24 2026 00:40:59 GMT-0600 (Central Standard Time)","process":{"pid":4432,"uid":null,"gid":null,"cwd":"C:\\Users\\Eduardo\\Documents\\GitHub\\Proyecto-Mern\\backend","execPath":"C:\\Program Files\\nodejs\\node.exe","version":"v24.14.1","argv":["C:\\Program Files\\nodejs\\node.exe","C:\\Users\\Eduardo\\Documents\\GitHub\\Proyecto-Mern\\backend\\src\\index.js"],"memoryUsage":{"rss":100003840,"heapTotal":58888192,"heapUsed":34378184,"external":20843741,"arrayBuffers":18264879}},"os":{"loadavg":[0,0,0],"uptime":41603.968},"trace":[{"column":16,"file":"node:net","function":"Server.setupListenHandle [as _listen2]","line":1948,"method":"setupListenHandle [as _listen2]","native":false},{"column":12,"file":"node:net","function":"listenInCluster","line":2005,"method":null,"native":false},{"column":7,"file":"node:net","function":"Server.listen","line":2110,"method":"listen","native":false},{"column":24,"file":"C:\\Users\\Eduardo\\Documents\\GitHub\\Proyecto-Mern\\backend\\node_modules\\express\\lib\\application.js","function":"app.listen","line":635,"method":"listen","native":false},{"column":5,"file":"C:\\Users\\Eduardo\\Documents\\GitHub\\Proyecto-Mern\\backend\\src\\index.js","function":null,"line":77,"method":null,"native":false},{"column":14,"file":"node:internal/modules/cjs/loader","function":"Module._compile","line":1812,"method":"_compile","native":false},{"column":10,"file":"node:internal/modules/cjs/loader","function":"Object..js","line":1943,"method":".js","native":false},{"column":32,"file":"node:internal/modules/cjs/loader","function":"Module.load","line":1533,"method":"load","native":false},{"column":12,"file":"node:internal/modules/cjs/loader","function":"Module._load","line":1335,"method":"_load","native":false},{"column":19,"file":"node:internal/modules/cjs/loader","function":"wrapModuleLoad","line":255,"method":null,"native":false}]}
[2026-05-24 01:05:29] ERROR: Error: listen EADDRINUSE: address already in use :::3001
    at Server.setupListenHandle [as _listen2] (node:net:1948:16)
    at listenInCluster (node:net:2005:12)
    at Server.listen (node:net:2110:7)
    at app.listen (C:\Users\Eduardo\Documents\GitHub\Proyecto-Mern\backend\node_modules\express\lib\application.js:635:24)
    at Object.<anonymous> (C:\Users\Eduardo\Documents\GitHub\Proyecto-Mern\backend\src\index.js:77:5)
    at Module._compile (node:internal/modules/cjs/loader:1812:14)
    at Object..js (node:internal/modules/cjs/loader:1943:10)
    at Module.load (node:internal/modules/cjs/loader:1533:32)
    at Module._load (node:internal/modules/cjs/loader:1335:12)
    at wrapModuleLoad (node:internal/modules/cjs/loader:255:19) | META: {"error":{"code":"EADDRINUSE","errno":-4091,"syscall":"listen","address":"::","port":3001},"exception":true,"date":"Sun May 24 2026 01:05:29 GMT-0600 (Central Standard Time)","process":{"pid":23524,"uid":null,"gid":null,"cwd":"C:\\Users\\Eduardo\\Documents\\GitHub\\Proyecto-Mern\\backend","execPath":"C:\\Program Files\\nodejs\\node.exe","version":"v24.14.1","argv":["C:\\Program Files\\nodejs\\node.exe","C:\\Users\\Eduardo\\Documents\\GitHub\\Proyecto-Mern\\backend\\src\\index.js"],"memoryUsage":{"rss":101449728,"heapTotal":59150336,"heapUsed":35033504,"external":20870754,"arrayBuffers":18265054}},"os":{"loadavg":[0,0,0],"uptime":43074.234},"trace":[{"column":16,"file":"node:net","function":"Server.setupListenHandle [as _listen2]","line":1948,"method":"setupListenHandle [as _listen2]","native":false},{"column":12,"file":"node:net","function":"listenInCluster","line":2005,"method":null,"native":false},{"column":7,"file":"node:net","function":"Server.listen","line":2110,"method":"listen","native":false},{"column":24,"file":"C:\\Users\\Eduardo\\Documents\\GitHub\\Proyecto-Mern\\backend\\node_modules\\express\\lib\\application.js","function":"app.listen","line":635,"method":"listen","native":false},{"column":5,"file":"C:\\Users\\Eduardo\\Documents\\GitHub\\Proyecto-Mern\\backend\\src\\index.js","function":null,"line":77,"method":null,"native":false},{"column":14,"file":"node:internal/modules/cjs/loader","function":"Module._compile","line":1812,"method":"_compile","native":false},{"column":10,"file":"node:internal/modules/cjs/loader","function":"Object..js","line":1943,"method":".js","native":false},{"column":32,"file":"node:internal/modules/cjs/loader","function":"Module.load","line":1533,"method":"load","native":false},{"column":12,"file":"node:internal/modules/cjs/loader","function":"Module._load","line":1335,"method":"_load","native":false},{"column":19,"file":"node:internal/modules/cjs/loader","function":"wrapModuleLoad","line":255,"method":null,"native":false}]}
[2026-05-24 01:05:29] ERROR: Error: listen EADDRINUSE: address already in use :::3001
    at Server.setupListenHandle [as _listen2] (node:net:1948:16)
    at listenInCluster (node:net:2005:12)
    at Server.listen (node:net:2110:7)
    at app.listen (C:\Users\Eduardo\Documents\GitHub\Proyecto-Mern\backend\node_modules\express\lib\application.js:635:24)
    at Object.<anonymous> (C:\Users\Eduardo\Documents\GitHub\Proyecto-Mern\backend\src\index.js:77:5)
    at Module._compile (node:internal/modules/cjs/loader:1812:14)
    at Object..js (node:internal/modules/cjs/loader:1943:10)
    at Module.load (node:internal/modules/cjs/loader:1533:32)
    at Module._load (node:internal/modules/cjs/loader:1335:12)
    at wrapModuleLoad (node:internal/modules/cjs/loader:255:19) | META: {"error":{"code":"EADDRINUSE","errno":-4091,"syscall":"listen","address":"::","port":3001},"exception":true,"date":"Sun May 24 2026 01:05:29 GMT-0600 (Central Standard Time)","process":{"pid":12924,"uid":null,"gid":null,"cwd":"C:\\Users\\Eduardo\\Documents\\GitHub\\Proyecto-Mern\\backend","execPath":"C:\\Program Files\\nodejs\\node.exe","version":"v24.14.1","argv":["C:\\Program Files\\nodejs\\node.exe","C:\\Users\\Eduardo\\Documents\\GitHub\\Proyecto-Mern\\backend\\src\\index.js"],"memoryUsage":{"rss":101179392,"heapTotal":59150336,"heapUsed":34711808,"external":20870754,"arrayBuffers":18265054}},"os":{"loadavg":[0,0,0],"uptime":43074.234},"trace":[{"column":16,"file":"node:net","function":"Server.setupListenHandle [as _listen2]","line":1948,"method":"setupListenHandle [as _listen2]","native":false},{"column":12,"file":"node:net","function":"listenInCluster","line":2005,"method":null,"native":false},{"column":7,"file":"node:net","function":"Server.listen","line":2110,"method":"listen","native":false},{"column":24,"file":"C:\\Users\\Eduardo\\Documents\\GitHub\\Proyecto-Mern\\backend\\node_modules\\express\\lib\\application.js","function":"app.listen","line":635,"method":"listen","native":false},{"column":5,"file":"C:\\Users\\Eduardo\\Documents\\GitHub\\Proyecto-Mern\\backend\\src\\index.js","function":null,"line":77,"method":null,"native":false},{"column":14,"file":"node:internal/modules/cjs/loader","function":"Module._compile","line":1812,"method":"_compile","native":false},{"column":10,"file":"node:internal/modules/cjs/loader","function":"Object..js","line":1943,"method":".js","native":false},{"column":32,"file":"node:internal/modules/cjs/loader","function":"Module.load","line":1533,"method":"load","native":false},{"column":12,"file":"node:internal/modules/cjs/loader","function":"Module._load","line":1335,"method":"_load","native":false},{"column":19,"file":"node:internal/modules/cjs/loader","function":"wrapModuleLoad","line":255,"method":null,"native":false}]}
[2026-05-24 01:12:14] ERROR: Error: listen EADDRINUSE: address already in use :::3001
    at Server.setupListenHandle [as _listen2] (node:net:1948:16)
    at listenInCluster (node:net:2005:12)
    at Server.listen (node:net:2110:7)
    at app.listen (C:\Users\Eduardo\Documents\GitHub\Proyecto-Mern\backend\node_modules\express\lib\application.js:635:24)
    at Object.<anonymous> (C:\Users\Eduardo\Documents\GitHub\Proyecto-Mern\backend\src\index.js:77:5)
    at Module._compile (node:internal/modules/cjs/loader:1812:14)
    at Object..js (node:internal/modules/cjs/loader:1943:10)
    at Module.load (node:internal/modules/cjs/loader:1533:32)
    at Module._load (node:internal/modules/cjs/loader:1335:12)
    at wrapModuleLoad (node:internal/modules/cjs/loader:255:19) | META: {"error":{"code":"EADDRINUSE","errno":-4091,"syscall":"listen","address":"::","port":3001},"exception":true,"date":"Sun May 24 2026 01:12:14 GMT-0600 (Central Standard Time)","process":{"pid":12632,"uid":null,"gid":null,"cwd":"C:\\Users\\Eduardo\\Documents\\GitHub\\Proyecto-Mern\\backend","execPath":"C:\\Program Files\\nodejs\\node.exe","version":"v24.14.1","argv":["C:\\Program Files\\nodejs\\node.exe","C:\\Users\\Eduardo\\Documents\\GitHub\\Proyecto-Mern\\backend\\src\\index.js"],"memoryUsage":{"rss":101224448,"heapTotal":59150336,"heapUsed":34567744,"external":20870754,"arrayBuffers":18265054}},"os":{"loadavg":[0,0,0],"uptime":43479.125},"trace":[{"column":16,"file":"node:net","function":"Server.setupListenHandle [as _listen2]","line":1948,"method":"setupListenHandle [as _listen2]","native":false},{"column":12,"file":"node:net","function":"listenInCluster","line":2005,"method":null,"native":false},{"column":7,"file":"node:net","function":"Server.listen","line":2110,"method":"listen","native":false},{"column":24,"file":"C:\\Users\\Eduardo\\Documents\\GitHub\\Proyecto-Mern\\backend\\node_modules\\express\\lib\\application.js","function":"app.listen","line":635,"method":"listen","native":false},{"column":5,"file":"C:\\Users\\Eduardo\\Documents\\GitHub\\Proyecto-Mern\\backend\\src\\index.js","function":null,"line":77,"method":null,"native":false},{"column":14,"file":"node:internal/modules/cjs/loader","function":"Module._compile","line":1812,"method":"_compile","native":false},{"column":10,"file":"node:internal/modules/cjs/loader","function":"Object..js","line":1943,"method":".js","native":false},{"column":32,"file":"node:internal/modules/cjs/loader","function":"Module.load","line":1533,"method":"load","native":false},{"column":12,"file":"node:internal/modules/cjs/loader","function":"Module._load","line":1335,"method":"_load","native":false},{"column":19,"file":"node:internal/modules/cjs/loader","function":"wrapModuleLoad","line":255,"method":null,"native":false}]}
[2026-05-24 01:12:14] ERROR: Error: listen EADDRINUSE: address already in use :::3001
    at Server.setupListenHandle [as _listen2] (node:net:1948:16)
    at listenInCluster (node:net:2005:12)
    at Server.listen (node:net:2110:7)
    at app.listen (C:\Users\Eduardo\Documents\GitHub\Proyecto-Mern\backend\node_modules\express\lib\application.js:635:24)
    at Object.<anonymous> (C:\Users\Eduardo\Documents\GitHub\Proyecto-Mern\backend\src\index.js:77:5)
    at Module._compile (node:internal/modules/cjs/loader:1812:14)
    at Object..js (node:internal/modules/cjs/loader:1943:10)
    at Module.load (node:internal/modules/cjs/loader:1533:32)
    at Module._load (node:internal/modules/cjs/loader:1335:12)
    at wrapModuleLoad (node:internal/modules/cjs/loader:255:19) | META: {"error":{"code":"EADDRINUSE","errno":-4091,"syscall":"listen","address":"::","port":3001},"exception":true,"date":"Sun May 24 2026 01:12:14 GMT-0600 (Central Standard Time)","process":{"pid":22636,"uid":null,"gid":null,"cwd":"C:\\Users\\Eduardo\\Documents\\GitHub\\Proyecto-Mern\\backend","execPath":"C:\\Program Files\\nodejs\\node.exe","version":"v24.14.1","argv":["C:\\Program Files\\nodejs\\node.exe","C:\\Users\\Eduardo\\Documents\\GitHub\\Proyecto-Mern\\backend\\src\\index.js"],"memoryUsage":{"rss":101724160,"heapTotal":59150336,"heapUsed":34991000,"external":20870754,"arrayBuffers":18265054}},"os":{"loadavg":[0,0,0],"uptime":43479.14},"trace":[{"column":16,"file":"node:net","function":"Server.setupListenHandle [as _listen2]","line":1948,"method":"setupListenHandle [as _listen2]","native":false},{"column":12,"file":"node:net","function":"listenInCluster","line":2005,"method":null,"native":false},{"column":7,"file":"node:net","function":"Server.listen","line":2110,"method":"listen","native":false},{"column":24,"file":"C:\\Users\\Eduardo\\Documents\\GitHub\\Proyecto-Mern\\backend\\node_modules\\express\\lib\\application.js","function":"app.listen","line":635,"method":"listen","native":false},{"column":5,"file":"C:\\Users\\Eduardo\\Documents\\GitHub\\Proyecto-Mern\\backend\\src\\index.js","function":null,"line":77,"method":null,"native":false},{"column":14,"file":"node:internal/modules/cjs/loader","function":"Module._compile","line":1812,"method":"_compile","native":false},{"column":10,"file":"node:internal/modules/cjs/loader","function":"Object..js","line":1943,"method":".js","native":false},{"column":32,"file":"node:internal/modules/cjs/loader","function":"Module.load","line":1533,"method":"load","native":false},{"column":12,"file":"node:internal/modules/cjs/loader","function":"Module._load","line":1335,"method":"_load","native":false},{"column":19,"file":"node:internal/modules/cjs/loader","function":"wrapModuleLoad","line":255,"method":null,"native":false}]}
[2026-05-24 01:13:16] ERROR: Error: listen EADDRINUSE: address already in use :::3001
    at Server.setupListenHandle [as _listen2] (node:net:1948:16)
    at listenInCluster (node:net:2005:12)
    at Server.listen (node:net:2110:7)
    at app.listen (C:\Users\Eduardo\Documents\GitHub\Proyecto-Mern\backend\node_modules\express\lib\application.js:635:24)
    at Object.<anonymous> (C:\Users\Eduardo\Documents\GitHub\Proyecto-Mern\backend\src\index.js:77:5)
    at Module._compile (node:internal/modules/cjs/loader:1812:14)
    at Object..js (node:internal/modules/cjs/loader:1943:10)
    at Module.load (node:internal/modules/cjs/loader:1533:32)
    at Module._load (node:internal/modules/cjs/loader:1335:12)
    at wrapModuleLoad (node:internal/modules/cjs/loader:255:19) | META: {"error":{"code":"EADDRINUSE","errno":-4091,"syscall":"listen","address":"::","port":3001},"exception":true,"date":"Sun May 24 2026 01:13:16 GMT-0600 (Central Standard Time)","process":{"pid":23084,"uid":null,"gid":null,"cwd":"C:\\Users\\Eduardo\\Documents\\GitHub\\Proyecto-Mern\\backend","execPath":"C:\\Program Files\\nodejs\\node.exe","version":"v24.14.1","argv":["C:\\Program Files\\nodejs\\node.exe","C:\\Users\\Eduardo\\Documents\\GitHub\\Proyecto-Mern\\backend\\src\\index.js"],"memoryUsage":{"rss":101957632,"heapTotal":59150336,"heapUsed":35150712,"external":20870754,"arrayBuffers":18265054}},"os":{"loadavg":[0,0,0],"uptime":43541.937},"trace":[{"column":16,"file":"node:net","function":"Server.setupListenHandle [as _listen2]","line":1948,"method":"setupListenHandle [as _listen2]","native":false},{"column":12,"file":"node:net","function":"listenInCluster","line":2005,"method":null,"native":false},{"column":7,"file":"node:net","function":"Server.listen","line":2110,"method":"listen","native":false},{"column":24,"file":"C:\\Users\\Eduardo\\Documents\\GitHub\\Proyecto-Mern\\backend\\node_modules\\express\\lib\\application.js","function":"app.listen","line":635,"method":"listen","native":false},{"column":5,"file":"C:\\Users\\Eduardo\\Documents\\GitHub\\Proyecto-Mern\\backend\\src\\index.js","function":null,"line":77,"method":null,"native":false},{"column":14,"file":"node:internal/modules/cjs/loader","function":"Module._compile","line":1812,"method":"_compile","native":false},{"column":10,"file":"node:internal/modules/cjs/loader","function":"Object..js","line":1943,"method":".js","native":false},{"column":32,"file":"node:internal/modules/cjs/loader","function":"Module.load","line":1533,"method":"load","native":false},{"column":12,"file":"node:internal/modules/cjs/loader","function":"Module._load","line":1335,"method":"_load","native":false},{"column":19,"file":"node:internal/modules/cjs/loader","function":"wrapModuleLoad","line":255,"method":null,"native":false}]}
[2026-05-24 01:13:16] ERROR: Error: listen EADDRINUSE: address already in use :::3001
    at Server.setupListenHandle [as _listen2] (node:net:1948:16)
    at listenInCluster (node:net:2005:12)
    at Server.listen (node:net:2110:7)
    at app.listen (C:\Users\Eduardo\Documents\GitHub\Proyecto-Mern\backend\node_modules\express\lib\application.js:635:24)
    at Object.<anonymous> (C:\Users\Eduardo\Documents\GitHub\Proyecto-Mern\backend\src\index.js:77:5)
    at Module._compile (node:internal/modules/cjs/loader:1812:14)
    at Object..js (node:internal/modules/cjs/loader:1943:10)
    at Module.load (node:internal/modules/cjs/loader:1533:32)
    at Module._load (node:internal/modules/cjs/loader:1335:12)
    at wrapModuleLoad (node:internal/modules/cjs/loader:255:19) | META: {"error":{"code":"EADDRINUSE","errno":-4091,"syscall":"listen","address":"::","port":3001},"exception":true,"date":"Sun May 24 2026 01:13:16 GMT-0600 (Central Standard Time)","process":{"pid":17700,"uid":null,"gid":null,"cwd":"C:\\Users\\Eduardo\\Documents\\GitHub\\Proyecto-Mern\\backend","execPath":"C:\\Program Files\\nodejs\\node.exe","version":"v24.14.1","argv":["C:\\Program Files\\nodejs\\node.exe","C:\\Users\\Eduardo\\Documents\\GitHub\\Proyecto-Mern\\backend\\src\\index.js"],"memoryUsage":{"rss":101658624,"heapTotal":59150336,"heapUsed":35159944,"external":20870754,"arrayBuffers":18265054}},"os":{"loadavg":[0,0,0],"uptime":43541.937},"trace":[{"column":16,"file":"node:net","function":"Server.setupListenHandle [as _listen2]","line":1948,"method":"setupListenHandle [as _listen2]","native":false},{"column":12,"file":"node:net","function":"listenInCluster","line":2005,"method":null,"native":false},{"column":7,"file":"node:net","function":"Server.listen","line":2110,"method":"listen","native":false},{"column":24,"file":"C:\\Users\\Eduardo\\Documents\\GitHub\\Proyecto-Mern\\backend\\node_modules\\express\\lib\\application.js","function":"app.listen","line":635,"method":"listen","native":false},{"column":5,"file":"C:\\Users\\Eduardo\\Documents\\GitHub\\Proyecto-Mern\\backend\\src\\index.js","function":null,"line":77,"method":null,"native":false},{"column":14,"file":"node:internal/modules/cjs/loader","function":"Module._compile","line":1812,"method":"_compile","native":false},{"column":10,"file":"node:internal/modules/cjs/loader","function":"Object..js","line":1943,"method":".js","native":false},{"column":32,"file":"node:internal/modules/cjs/loader","function":"Module.load","line":1533,"method":"load","native":false},{"column":12,"file":"node:internal/modules/cjs/loader","function":"Module._load","line":1335,"method":"_load","native":false},{"column":19,"file":"node:internal/modules/cjs/loader","function":"wrapModuleLoad","line":255,"method":null,"native":false}]}
[2026-05-24 01:13:42] ERROR: Error: listen EADDRINUSE: address already in use :::3001
    at Server.setupListenHandle [as _listen2] (node:net:1948:16)
    at listenInCluster (node:net:2005:12)
    at Server.listen (node:net:2110:7)
    at app.listen (C:\Users\Eduardo\Documents\GitHub\Proyecto-Mern\backend\node_modules\express\lib\application.js:635:24)
    at Object.<anonymous> (C:\Users\Eduardo\Documents\GitHub\Proyecto-Mern\backend\src\index.js:77:5)
    at Module._compile (node:internal/modules/cjs/loader:1812:14)
    at Object..js (node:internal/modules/cjs/loader:1943:10)
    at Module.load (node:internal/modules/cjs/loader:1533:32)
    at Module._load (node:internal/modules/cjs/loader:1335:12)
    at wrapModuleLoad (node:internal/modules/cjs/loader:255:19) | META: {"error":{"code":"EADDRINUSE","errno":-4091,"syscall":"listen","address":"::","port":3001},"exception":true,"date":"Sun May 24 2026 01:13:42 GMT-0600 (Central Standard Time)","process":{"pid":15508,"uid":null,"gid":null,"cwd":"C:\\Users\\Eduardo\\Documents\\GitHub\\Proyecto-Mern\\backend","execPath":"C:\\Program Files\\nodejs\\node.exe","version":"v24.14.1","argv":["C:\\Program Files\\nodejs\\node.exe","C:\\Users\\Eduardo\\Documents\\GitHub\\Proyecto-Mern\\backend\\src\\index.js"],"memoryUsage":{"rss":101048320,"heapTotal":59412480,"heapUsed":34627216,"external":20870754,"arrayBuffers":18265054}},"os":{"loadavg":[0,0,0],"uptime":43567.328},"trace":[{"column":16,"file":"node:net","function":"Server.setupListenHandle [as _listen2]","line":1948,"method":"setupListenHandle [as _listen2]","native":false},{"column":12,"file":"node:net","function":"listenInCluster","line":2005,"method":null,"native":false},{"column":7,"file":"node:net","function":"Server.listen","line":2110,"method":"listen","native":false},{"column":24,"file":"C:\\Users\\Eduardo\\Documents\\GitHub\\Proyecto-Mern\\backend\\node_modules\\express\\lib\\application.js","function":"app.listen","line":635,"method":"listen","native":false},{"column":5,"file":"C:\\Users\\Eduardo\\Documents\\GitHub\\Proyecto-Mern\\backend\\src\\index.js","function":null,"line":77,"method":null,"native":false},{"column":14,"file":"node:internal/modules/cjs/loader","function":"Module._compile","line":1812,"method":"_compile","native":false},{"column":10,"file":"node:internal/modules/cjs/loader","function":"Object..js","line":1943,"method":".js","native":false},{"column":32,"file":"node:internal/modules/cjs/loader","function":"Module.load","line":1533,"method":"load","native":false},{"column":12,"file":"node:internal/modules/cjs/loader","function":"Module._load","line":1335,"method":"_load","native":false},{"column":19,"file":"node:internal/modules/cjs/loader","function":"wrapModuleLoad","line":255,"method":null,"native":false}]}
[2026-05-24 01:24:31] ERROR: Error: listen EADDRINUSE: address already in use :::3001
    at Server.setupListenHandle [as _listen2] (node:net:1948:16)
    at listenInCluster (node:net:2005:12)
    at Server.listen (node:net:2110:7)
    at app.listen (C:\Users\Eduardo\Documents\GitHub\Proyecto-Mern\backend\node_modules\express\lib\application.js:635:24)
    at Object.<anonymous> (C:\Users\Eduardo\Documents\GitHub\Proyecto-Mern\backend\src\index.js:77:5)
    at Module._compile (node:internal/modules/cjs/loader:1812:14)
    at Object..js (node:internal/modules/cjs/loader:1943:10)
    at Module.load (node:internal/modules/cjs/loader:1533:32)
    at Module._load (node:internal/modules/cjs/loader:1335:12)
    at wrapModuleLoad (node:internal/modules/cjs/loader:255:19) | META: {"error":{"code":"EADDRINUSE","errno":-4091,"syscall":"listen","address":"::","port":3001},"exception":true,"date":"Sun May 24 2026 01:24:31 GMT-0600 (Central Standard Time)","process":{"pid":23140,"uid":null,"gid":null,"cwd":"C:\\Users\\Eduardo\\Documents\\GitHub\\Proyecto-Mern\\backend","execPath":"C:\\Program Files\\nodejs\\node.exe","version":"v24.14.1","argv":["C:\\Program Files\\nodejs\\node.exe","C:\\Users\\Eduardo\\Documents\\GitHub\\Proyecto-Mern\\backend\\src\\index.js"],"memoryUsage":{"rss":101482496,"heapTotal":59150336,"heapUsed":34973952,"external":20870754,"arrayBuffers":18265054}},"os":{"loadavg":[0,0,0],"uptime":44216.703},"trace":[{"column":16,"file":"node:net","function":"Server.setupListenHandle [as _listen2]","line":1948,"method":"setupListenHandle [as _listen2]","native":false},{"column":12,"file":"node:net","function":"listenInCluster","line":2005,"method":null,"native":false},{"column":7,"file":"node:net","function":"Server.listen","line":2110,"method":"listen","native":false},{"column":24,"file":"C:\\Users\\Eduardo\\Documents\\GitHub\\Proyecto-Mern\\backend\\node_modules\\express\\lib\\application.js","function":"app.listen","line":635,"method":"listen","native":false},{"column":5,"file":"C:\\Users\\Eduardo\\Documents\\GitHub\\Proyecto-Mern\\backend\\src\\index.js","function":null,"line":77,"method":null,"native":false},{"column":14,"file":"node:internal/modules/cjs/loader","function":"Module._compile","line":1812,"method":"_compile","native":false},{"column":10,"file":"node:internal/modules/cjs/loader","function":"Object..js","line":1943,"method":".js","native":false},{"column":32,"file":"node:internal/modules/cjs/loader","function":"Module.load","line":1533,"method":"load","native":false},{"column":12,"file":"node:internal/modules/cjs/loader","function":"Module._load","line":1335,"method":"_load","native":false},{"column":19,"file":"node:internal/modules/cjs/loader","function":"wrapModuleLoad","line":255,"method":null,"native":false}]}
[2026-05-24 01:24:31] ERROR: Error: listen EADDRINUSE: address already in use :::3001
    at Server.setupListenHandle [as _listen2] (node:net:1948:16)
    at listenInCluster (node:net:2005:12)
    at Server.listen (node:net:2110:7)
    at app.listen (C:\Users\Eduardo\Documents\GitHub\Proyecto-Mern\backend\node_modules\express\lib\application.js:635:24)
    at Object.<anonymous> (C:\Users\Eduardo\Documents\GitHub\Proyecto-Mern\backend\src\index.js:77:5)
    at Module._compile (node:internal/modules/cjs/loader:1812:14)
    at Object..js (node:internal/modules/cjs/loader:1943:10)
    at Module.load (node:internal/modules/cjs/loader:1533:32)
    at Module._load (node:internal/modules/cjs/loader:1335:12)
    at wrapModuleLoad (node:internal/modules/cjs/loader:255:19) | META: {"error":{"code":"EADDRINUSE","errno":-4091,"syscall":"listen","address":"::","port":3001},"exception":true,"date":"Sun May 24 2026 01:24:31 GMT-0600 (Central Standard Time)","process":{"pid":25984,"uid":null,"gid":null,"cwd":"C:\\Users\\Eduardo\\Documents\\GitHub\\Proyecto-Mern\\backend","execPath":"C:\\Program Files\\nodejs\\node.exe","version":"v24.14.1","argv":["C:\\Program Files\\nodejs\\node.exe","C:\\Users\\Eduardo\\Documents\\GitHub\\Proyecto-Mern\\backend\\src\\index.js"],"memoryUsage":{"rss":101416960,"heapTotal":59150336,"heapUsed":35183952,"external":20870754,"arrayBuffers":18265054}},"os":{"loadavg":[0,0,0],"uptime":44216.703},"trace":[{"column":16,"file":"node:net","function":"Server.setupListenHandle [as _listen2]","line":1948,"method":"setupListenHandle [as _listen2]","native":false},{"column":12,"file":"node:net","function":"listenInCluster","line":2005,"method":null,"native":false},{"column":7,"file":"node:net","function":"Server.listen","line":2110,"method":"listen","native":false},{"column":24,"file":"C:\\Users\\Eduardo\\Documents\\GitHub\\Proyecto-Mern\\backend\\node_modules\\express\\lib\\application.js","function":"app.listen","line":635,"method":"listen","native":false},{"column":5,"file":"C:\\Users\\Eduardo\\Documents\\GitHub\\Proyecto-Mern\\backend\\src\\index.js","function":null,"line":77,"method":null,"native":false},{"column":14,"file":"node:internal/modules/cjs/loader","function":"Module._compile","line":1812,"method":"_compile","native":false},{"column":10,"file":"node:internal/modules/cjs/loader","function":"Object..js","line":1943,"method":".js","native":false},{"column":32,"file":"node:internal/modules/cjs/loader","function":"Module.load","line":1533,"method":"load","native":false},{"column":12,"file":"node:internal/modules/cjs/loader","function":"Module._load","line":1335,"method":"_load","native":false},{"column":19,"file":"node:internal/modules/cjs/loader","function":"wrapModuleLoad","line":255,"method":null,"native":false}]}
[2026-05-24 01:34:42] ERROR: Error: listen EADDRINUSE: address already in use :::3001
    at Server.setupListenHandle [as _listen2] (node:net:1948:16)
    at listenInCluster (node:net:2005:12)
    at Server.listen (node:net:2110:7)
    at app.listen (C:\Users\Eduardo\Documents\GitHub\Proyecto-Mern\backend\node_modules\express\lib\application.js:635:24)
    at Object.<anonymous> (C:\Users\Eduardo\Documents\GitHub\Proyecto-Mern\backend\src\index.js:77:5)
    at Module._compile (node:internal/modules/cjs/loader:1812:14)
    at Object..js (node:internal/modules/cjs/loader:1943:10)
    at Module.load (node:internal/modules/cjs/loader:1533:32)
    at Module._load (node:internal/modules/cjs/loader:1335:12)
    at wrapModuleLoad (node:internal/modules/cjs/loader:255:19) | META: {"error":{"code":"EADDRINUSE","errno":-4091,"syscall":"listen","address":"::","port":3001},"exception":true,"date":"Sun May 24 2026 01:34:42 GMT-0600 (Central Standard Time)","process":{"pid":11992,"uid":null,"gid":null,"cwd":"C:\\Users\\Eduardo\\Documents\\GitHub\\Proyecto-Mern\\backend","execPath":"C:\\Program Files\\nodejs\\node.exe","version":"v24.14.1","argv":["C:\\Program Files\\nodejs\\node.exe","C:\\Users\\Eduardo\\Documents\\GitHub\\Proyecto-Mern\\backend\\src\\index.js"],"memoryUsage":{"rss":101126144,"heapTotal":59150336,"heapUsed":34732832,"external":20870754,"arrayBuffers":18265054}},"os":{"loadavg":[0,0,0],"uptime":44827.921},"trace":[{"column":16,"file":"node:net","function":"Server.setupListenHandle [as _listen2]","line":1948,"method":"setupListenHandle [as _listen2]","native":false},{"column":12,"file":"node:net","function":"listenInCluster","line":2005,"method":null,"native":false},{"column":7,"file":"node:net","function":"Server.listen","line":2110,"method":"listen","native":false},{"column":24,"file":"C:\\Users\\Eduardo\\Documents\\GitHub\\Proyecto-Mern\\backend\\node_modules\\express\\lib\\application.js","function":"app.listen","line":635,"method":"listen","native":false},{"column":5,"file":"C:\\Users\\Eduardo\\Documents\\GitHub\\Proyecto-Mern\\backend\\src\\index.js","function":null,"line":77,"method":null,"native":false},{"column":14,"file":"node:internal/modules/cjs/loader","function":"Module._compile","line":1812,"method":"_compile","native":false},{"column":10,"file":"node:internal/modules/cjs/loader","function":"Object..js","line":1943,"method":".js","native":false},{"column":32,"file":"node:internal/modules/cjs/loader","function":"Module.load","line":1533,"method":"load","native":false},{"column":12,"file":"node:internal/modules/cjs/loader","function":"Module._load","line":1335,"method":"_load","native":false},{"column":19,"file":"node:internal/modules/cjs/loader","function":"wrapModuleLoad","line":255,"method":null,"native":false}]}
[2026-05-24 01:34:42] ERROR: Error: listen EADDRINUSE: address already in use :::3001
    at Server.setupListenHandle [as _listen2] (node:net:1948:16)
    at listenInCluster (node:net:2005:12)
    at Server.listen (node:net:2110:7)
    at app.listen (C:\Users\Eduardo\Documents\GitHub\Proyecto-Mern\backend\node_modules\express\lib\application.js:635:24)
    at Object.<anonymous> (C:\Users\Eduardo\Documents\GitHub\Proyecto-Mern\backend\src\index.js:77:5)
    at Module._compile (node:internal/modules/cjs/loader:1812:14)
    at Object..js (node:internal/modules/cjs/loader:1943:10)
    at Module.load (node:internal/modules/cjs/loader:1533:32)
    at Module._load (node:internal/modules/cjs/loader:1335:12)
    at wrapModuleLoad (node:internal/modules/cjs/loader:255:19) | META: {"error":{"code":"EADDRINUSE","errno":-4091,"syscall":"listen","address":"::","port":3001},"exception":true,"date":"Sun May 24 2026 01:34:42 GMT-0600 (Central Standard Time)","process":{"pid":23988,"uid":null,"gid":null,"cwd":"C:\\Users\\Eduardo\\Documents\\GitHub\\Proyecto-Mern\\backend","execPath":"C:\\Program Files\\nodejs\\node.exe","version":"v24.14.1","argv":["C:\\Program Files\\nodejs\\node.exe","C:\\Users\\Eduardo\\Documents\\GitHub\\Proyecto-Mern\\backend\\src\\index.js"],"memoryUsage":{"rss":101711872,"heapTotal":59412480,"heapUsed":35025416,"external":20870754,"arrayBuffers":18265054}},"os":{"loadavg":[0,0,0],"uptime":44827.921},"trace":[{"column":16,"file":"node:net","function":"Server.setupListenHandle [as _listen2]","line":1948,"method":"setupListenHandle [as _listen2]","native":false},{"column":12,"file":"node:net","function":"listenInCluster","line":2005,"method":null,"native":false},{"column":7,"file":"node:net","function":"Server.listen","line":2110,"method":"listen","native":false},{"column":24,"file":"C:\\Users\\Eduardo\\Documents\\GitHub\\Proyecto-Mern\\backend\\node_modules\\express\\lib\\application.js","function":"app.listen","line":635,"method":"listen","native":false},{"column":5,"file":"C:\\Users\\Eduardo\\Documents\\GitHub\\Proyecto-Mern\\backend\\src\\index.js","function":null,"line":77,"method":null,"native":false},{"column":14,"file":"node:internal/modules/cjs/loader","function":"Module._compile","line":1812,"method":"_compile","native":false},{"column":10,"file":"node:internal/modules/cjs/loader","function":"Object..js","line":1943,"method":".js","native":false},{"column":32,"file":"node:internal/modules/cjs/loader","function":"Module.load","line":1533,"method":"load","native":false},{"column":12,"file":"node:internal/modules/cjs/loader","function":"Module._load","line":1335,"method":"_load","native":false},{"column":19,"file":"node:internal/modules/cjs/loader","function":"wrapModuleLoad","line":255,"method":null,"native":false}]}
[2026-05-24 01:37:29] ERROR: Error: listen EADDRINUSE: address already in use :::3001
    at Server.setupListenHandle [as _listen2] (node:net:1948:16)
    at listenInCluster (node:net:2005:12)
    at Server.listen (node:net:2110:7)
    at app.listen (C:\Users\Eduardo\Documents\GitHub\Proyecto-Mern\backend\node_modules\express\lib\application.js:635:24)
    at Object.<anonymous> (C:\Users\Eduardo\Documents\GitHub\Proyecto-Mern\backend\src\index.js:77:5)
    at Module._compile (node:internal/modules/cjs/loader:1812:14)
    at Object..js (node:internal/modules/cjs/loader:1943:10)
    at Module.load (node:internal/modules/cjs/loader:1533:32)
    at Module._load (node:internal/modules/cjs/loader:1335:12)
    at wrapModuleLoad (node:internal/modules/cjs/loader:255:19) | META: {"error":{"code":"EADDRINUSE","errno":-4091,"syscall":"listen","address":"::","port":3001},"exception":true,"date":"Sun May 24 2026 01:37:29 GMT-0600 (Central Standard Time)","process":{"pid":22248,"uid":null,"gid":null,"cwd":"C:\\Users\\Eduardo\\Documents\\GitHub\\Proyecto-Mern\\backend","execPath":"C:\\Program Files\\nodejs\\node.exe","version":"v24.14.1","argv":["C:\\Program Files\\nodejs\\node.exe","C:\\Users\\Eduardo\\Documents\\GitHub\\Proyecto-Mern\\backend\\src\\index.js"],"memoryUsage":{"rss":102141952,"heapTotal":59412480,"heapUsed":34994944,"external":20870754,"arrayBuffers":18265054}},"os":{"loadavg":[0,0,0],"uptime":44994.765},"trace":[{"column":16,"file":"node:net","function":"Server.setupListenHandle [as _listen2]","line":1948,"method":"setupListenHandle [as _listen2]","native":false},{"column":12,"file":"node:net","function":"listenInCluster","line":2005,"method":null,"native":false},{"column":7,"file":"node:net","function":"Server.listen","line":2110,"method":"listen","native":false},{"column":24,"file":"C:\\Users\\Eduardo\\Documents\\GitHub\\Proyecto-Mern\\backend\\node_modules\\express\\lib\\application.js","function":"app.listen","line":635,"method":"listen","native":false},{"column":5,"file":"C:\\Users\\Eduardo\\Documents\\GitHub\\Proyecto-Mern\\backend\\src\\index.js","function":null,"line":77,"method":null,"native":false},{"column":14,"file":"node:internal/modules/cjs/loader","function":"Module._compile","line":1812,"method":"_compile","native":false},{"column":10,"file":"node:internal/modules/cjs/loader","function":"Object..js","line":1943,"method":".js","native":false},{"column":32,"file":"node:internal/modules/cjs/loader","function":"Module.load","line":1533,"method":"load","native":false},{"column":12,"file":"node:internal/modules/cjs/loader","function":"Module._load","line":1335,"method":"_load","native":false},{"column":19,"file":"node:internal/modules/cjs/loader","function":"wrapModuleLoad","line":255,"method":null,"native":false}]}
[2026-05-24 01:37:29] ERROR: Error: listen EADDRINUSE: address already in use :::3001
    at Server.setupListenHandle [as _listen2] (node:net:1948:16)
    at listenInCluster (node:net:2005:12)
    at Server.listen (node:net:2110:7)
    at app.listen (C:\Users\Eduardo\Documents\GitHub\Proyecto-Mern\backend\node_modules\express\lib\application.js:635:24)
    at Object.<anonymous> (C:\Users\Eduardo\Documents\GitHub\Proyecto-Mern\backend\src\index.js:77:5)
    at Module._compile (node:internal/modules/cjs/loader:1812:14)
    at Object..js (node:internal/modules/cjs/loader:1943:10)
    at Module.load (node:internal/modules/cjs/loader:1533:32)
    at Module._load (node:internal/modules/cjs/loader:1335:12)
    at wrapModuleLoad (node:internal/modules/cjs/loader:255:19) | META: {"error":{"code":"EADDRINUSE","errno":-4091,"syscall":"listen","address":"::","port":3001},"exception":true,"date":"Sun May 24 2026 01:37:29 GMT-0600 (Central Standard Time)","process":{"pid":22064,"uid":null,"gid":null,"cwd":"C:\\Users\\Eduardo\\Documents\\GitHub\\Proyecto-Mern\\backend","execPath":"C:\\Program Files\\nodejs\\node.exe","version":"v24.14.1","argv":["C:\\Program Files\\nodejs\\node.exe","C:\\Users\\Eduardo\\Documents\\GitHub\\Proyecto-Mern\\backend\\src\\index.js"],"memoryUsage":{"rss":101888000,"heapTotal":59412480,"heapUsed":34597544,"external":20870754,"arrayBuffers":18265054}},"os":{"loadavg":[0,0,0],"uptime":44994.875},"trace":[{"column":16,"file":"node:net","function":"Server.setupListenHandle [as _listen2]","line":1948,"method":"setupListenHandle [as _listen2]","native":false},{"column":12,"file":"node:net","function":"listenInCluster","line":2005,"method":null,"native":false},{"column":7,"file":"node:net","function":"Server.listen","line":2110,"method":"listen","native":false},{"column":24,"file":"C:\\Users\\Eduardo\\Documents\\GitHub\\Proyecto-Mern\\backend\\node_modules\\express\\lib\\application.js","function":"app.listen","line":635,"method":"listen","native":false},{"column":5,"file":"C:\\Users\\Eduardo\\Documents\\GitHub\\Proyecto-Mern\\backend\\src\\index.js","function":null,"line":77,"method":null,"native":false},{"column":14,"file":"node:internal/modules/cjs/loader","function":"Module._compile","line":1812,"method":"_compile","native":false},{"column":10,"file":"node:internal/modules/cjs/loader","function":"Object..js","line":1943,"method":".js","native":false},{"column":32,"file":"node:internal/modules/cjs/loader","function":"Module.load","line":1533,"method":"load","native":false},{"column":12,"file":"node:internal/modules/cjs/loader","function":"Module._load","line":1335,"method":"_load","native":false},{"column":19,"file":"node:internal/modules/cjs/loader","function":"wrapModuleLoad","line":255,"method":null,"native":false}]}
[2026-05-24 01:42:00] ERROR: Error: listen EADDRINUSE: address already in use :::3001
    at Server.setupListenHandle [as _listen2] (node:net:1948:16)
    at listenInCluster (node:net:2005:12)
    at Server.listen (node:net:2110:7)
    at app.listen (C:\Users\Eduardo\Documents\GitHub\Proyecto-Mern\backend\node_modules\express\lib\application.js:635:24)
    at Object.<anonymous> (C:\Users\Eduardo\Documents\GitHub\Proyecto-Mern\backend\src\index.js:77:5)
    at Module._compile (node:internal/modules/cjs/loader:1812:14)
    at Object..js (node:internal/modules/cjs/loader:1943:10)
    at Module.load (node:internal/modules/cjs/loader:1533:32)
    at Module._load (node:internal/modules/cjs/loader:1335:12)
    at wrapModuleLoad (node:internal/modules/cjs/loader:255:19) | META: {"error":{"code":"EADDRINUSE","errno":-4091,"syscall":"listen","address":"::","port":3001},"exception":true,"date":"Sun May 24 2026 01:42:00 GMT-0600 (Central Standard Time)","process":{"pid":2128,"uid":null,"gid":null,"cwd":"C:\\Users\\Eduardo\\Documents\\GitHub\\Proyecto-Mern\\backend","execPath":"C:\\Program Files\\nodejs\\node.exe","version":"v24.14.1","argv":["C:\\Program Files\\nodejs\\node.exe","C:\\Users\\Eduardo\\Documents\\GitHub\\Proyecto-Mern\\backend\\src\\index.js"],"memoryUsage":{"rss":101138432,"heapTotal":59412480,"heapUsed":34640632,"external":20870754,"arrayBuffers":18265054}},"os":{"loadavg":[0,0,0],"uptime":45265.406},"trace":[{"column":16,"file":"node:net","function":"Server.setupListenHandle [as _listen2]","line":1948,"method":"setupListenHandle [as _listen2]","native":false},{"column":12,"file":"node:net","function":"listenInCluster","line":2005,"method":null,"native":false},{"column":7,"file":"node:net","function":"Server.listen","line":2110,"method":"listen","native":false},{"column":24,"file":"C:\\Users\\Eduardo\\Documents\\GitHub\\Proyecto-Mern\\backend\\node_modules\\express\\lib\\application.js","function":"app.listen","line":635,"method":"listen","native":false},{"column":5,"file":"C:\\Users\\Eduardo\\Documents\\GitHub\\Proyecto-Mern\\backend\\src\\index.js","function":null,"line":77,"method":null,"native":false},{"column":14,"file":"node:internal/modules/cjs/loader","function":"Module._compile","line":1812,"method":"_compile","native":false},{"column":10,"file":"node:internal/modules/cjs/loader","function":"Object..js","line":1943,"method":".js","native":false},{"column":32,"file":"node:internal/modules/cjs/loader","function":"Module.load","line":1533,"method":"load","native":false},{"column":12,"file":"node:internal/modules/cjs/loader","function":"Module._load","line":1335,"method":"_load","native":false},{"column":19,"file":"node:internal/modules/cjs/loader","function":"wrapModuleLoad","line":255,"method":null,"native":false}]}
[2026-05-24 01:42:00] ERROR: Error: listen EADDRINUSE: address already in use :::3001
    at Server.setupListenHandle [as _listen2] (node:net:1948:16)
    at listenInCluster (node:net:2005:12)
    at Server.listen (node:net:2110:7)
    at app.listen (C:\Users\Eduardo\Documents\GitHub\Proyecto-Mern\backend\node_modules\express\lib\application.js:635:24)
    at Object.<anonymous> (C:\Users\Eduardo\Documents\GitHub\Proyecto-Mern\backend\src\index.js:77:5)
    at Module._compile (node:internal/modules/cjs/loader:1812:14)
    at Object..js (node:internal/modules/cjs/loader:1943:10)
    at Module.load (node:internal/modules/cjs/loader:1533:32)
    at Module._load (node:internal/modules/cjs/loader:1335:12)
    at wrapModuleLoad (node:internal/modules/cjs/loader:255:19) | META: {"error":{"code":"EADDRINUSE","errno":-4091,"syscall":"listen","address":"::","port":3001},"exception":true,"date":"Sun May 24 2026 01:42:00 GMT-0600 (Central Standard Time)","process":{"pid":26516,"uid":null,"gid":null,"cwd":"C:\\Users\\Eduardo\\Documents\\GitHub\\Proyecto-Mern\\backend","execPath":"C:\\Program Files\\nodejs\\node.exe","version":"v24.14.1","argv":["C:\\Program Files\\nodejs\\node.exe","C:\\Users\\Eduardo\\Documents\\GitHub\\Proyecto-Mern\\backend\\src\\index.js"],"memoryUsage":{"rss":101908480,"heapTotal":59150336,"heapUsed":34709672,"external":20870754,"arrayBuffers":18265054}},"os":{"loadavg":[0,0,0],"uptime":45265.546},"trace":[{"column":16,"file":"node:net","function":"Server.setupListenHandle [as _listen2]","line":1948,"method":"setupListenHandle [as _listen2]","native":false},{"column":12,"file":"node:net","function":"listenInCluster","line":2005,"method":null,"native":false},{"column":7,"file":"node:net","function":"Server.listen","line":2110,"method":"listen","native":false},{"column":24,"file":"C:\\Users\\Eduardo\\Documents\\GitHub\\Proyecto-Mern\\backend\\node_modules\\express\\lib\\application.js","function":"app.listen","line":635,"method":"listen","native":false},{"column":5,"file":"C:\\Users\\Eduardo\\Documents\\GitHub\\Proyecto-Mern\\backend\\src\\index.js","function":null,"line":77,"method":null,"native":false},{"column":14,"file":"node:internal/modules/cjs/loader","function":"Module._compile","line":1812,"method":"_compile","native":false},{"column":10,"file":"node:internal/modules/cjs/loader","function":"Object..js","line":1943,"method":".js","native":false},{"column":32,"file":"node:internal/modules/cjs/loader","function":"Module.load","line":1533,"method":"load","native":false},{"column":12,"file":"node:internal/modules/cjs/loader","function":"Module._load","line":1335,"method":"_load","native":false},{"column":19,"file":"node:internal/modules/cjs/loader","function":"wrapModuleLoad","line":255,"method":null,"native":false}]}
[2026-05-24 01:42:19] ERROR: Error: listen EADDRINUSE: address already in use :::3001
    at Server.setupListenHandle [as _listen2] (node:net:1948:16)
    at listenInCluster (node:net:2005:12)
    at Server.listen (node:net:2110:7)
    at app.listen (C:\Users\Eduardo\Documents\GitHub\Proyecto-Mern\backend\node_modules\express\lib\application.js:635:24)
    at Object.<anonymous> (C:\Users\Eduardo\Documents\GitHub\Proyecto-Mern\backend\src\index.js:77:5)
    at Module._compile (node:internal/modules/cjs/loader:1812:14)
    at Object..js (node:internal/modules/cjs/loader:1943:10)
    at Module.load (node:internal/modules/cjs/loader:1533:32)
    at Module._load (node:internal/modules/cjs/loader:1335:12)
    at wrapModuleLoad (node:internal/modules/cjs/loader:255:19) | META: {"error":{"code":"EADDRINUSE","errno":-4091,"syscall":"listen","address":"::","port":3001},"exception":true,"date":"Sun May 24 2026 01:42:19 GMT-0600 (Central Standard Time)","process":{"pid":26032,"uid":null,"gid":null,"cwd":"C:\\Users\\Eduardo\\Documents\\GitHub\\Proyecto-Mern\\backend","execPath":"C:\\Program Files\\nodejs\\node.exe","version":"v24.14.1","argv":["C:\\Program Files\\nodejs\\node.exe","C:\\Users\\Eduardo\\Documents\\GitHub\\Proyecto-Mern\\backend\\src\\index.js"],"memoryUsage":{"rss":101326848,"heapTotal":59412480,"heapUsed":34594272,"external":20870754,"arrayBuffers":18265054}},"os":{"loadavg":[0,0,0],"uptime":45283.984},"trace":[{"column":16,"file":"node:net","function":"Server.setupListenHandle [as _listen2]","line":1948,"method":"setupListenHandle [as _listen2]","native":false},{"column":12,"file":"node:net","function":"listenInCluster","line":2005,"method":null,"native":false},{"column":7,"file":"node:net","function":"Server.listen","line":2110,"method":"listen","native":false},{"column":24,"file":"C:\\Users\\Eduardo\\Documents\\GitHub\\Proyecto-Mern\\backend\\node_modules\\express\\lib\\application.js","function":"app.listen","line":635,"method":"listen","native":false},{"column":5,"file":"C:\\Users\\Eduardo\\Documents\\GitHub\\Proyecto-Mern\\backend\\src\\index.js","function":null,"line":77,"method":null,"native":false},{"column":14,"file":"node:internal/modules/cjs/loader","function":"Module._compile","line":1812,"method":"_compile","native":false},{"column":10,"file":"node:internal/modules/cjs/loader","function":"Object..js","line":1943,"method":".js","native":false},{"column":32,"file":"node:internal/modules/cjs/loader","function":"Module.load","line":1533,"method":"load","native":false},{"column":12,"file":"node:internal/modules/cjs/loader","function":"Module._load","line":1335,"method":"_load","native":false},{"column":19,"file":"node:internal/modules/cjs/loader","function":"wrapModuleLoad","line":255,"method":null,"native":false}]}
[2026-05-24 01:42:43] ERROR: Error: listen EADDRINUSE: address already in use :::3001
    at Server.setupListenHandle [as _listen2] (node:net:1948:16)
    at listenInCluster (node:net:2005:12)
    at Server.listen (node:net:2110:7)
    at app.listen (C:\Users\Eduardo\Documents\GitHub\Proyecto-Mern\backend\node_modules\express\lib\application.js:635:24)
    at Object.<anonymous> (C:\Users\Eduardo\Documents\GitHub\Proyecto-Mern\backend\src\index.js:77:5)
    at Module._compile (node:internal/modules/cjs/loader:1812:14)
    at Object..js (node:internal/modules/cjs/loader:1943:10)
    at Module.load (node:internal/modules/cjs/loader:1533:32)
    at Module._load (node:internal/modules/cjs/loader:1335:12)
    at wrapModuleLoad (node:internal/modules/cjs/loader:255:19) | META: {"error":{"code":"EADDRINUSE","errno":-4091,"syscall":"listen","address":"::","port":3001},"exception":true,"date":"Sun May 24 2026 01:42:43 GMT-0600 (Central Standard Time)","process":{"pid":25364,"uid":null,"gid":null,"cwd":"C:\\Users\\Eduardo\\Documents\\GitHub\\Proyecto-Mern\\backend","execPath":"C:\\Program Files\\nodejs\\node.exe","version":"v24.14.1","argv":["C:\\Program Files\\nodejs\\node.exe","C:\\Users\\Eduardo\\Documents\\GitHub\\Proyecto-Mern\\backend\\src\\index.js"],"memoryUsage":{"rss":101060608,"heapTotal":59150336,"heapUsed":34625032,"external":20870754,"arrayBuffers":18265054}},"os":{"loadavg":[0,0,0],"uptime":45308.531},"trace":[{"column":16,"file":"node:net","function":"Server.setupListenHandle [as _listen2]","line":1948,"method":"setupListenHandle [as _listen2]","native":false},{"column":12,"file":"node:net","function":"listenInCluster","line":2005,"method":null,"native":false},{"column":7,"file":"node:net","function":"Server.listen","line":2110,"method":"listen","native":false},{"column":24,"file":"C:\\Users\\Eduardo\\Documents\\GitHub\\Proyecto-Mern\\backend\\node_modules\\express\\lib\\application.js","function":"app.listen","line":635,"method":"listen","native":false},{"column":5,"file":"C:\\Users\\Eduardo\\Documents\\GitHub\\Proyecto-Mern\\backend\\src\\index.js","function":null,"line":77,"method":null,"native":false},{"column":14,"file":"node:internal/modules/cjs/loader","function":"Module._compile","line":1812,"method":"_compile","native":false},{"column":10,"file":"node:internal/modules/cjs/loader","function":"Object..js","line":1943,"method":".js","native":false},{"column":32,"file":"node:internal/modules/cjs/loader","function":"Module.load","line":1533,"method":"load","native":false},{"column":12,"file":"node:internal/modules/cjs/loader","function":"Module._load","line":1335,"method":"_load","native":false},{"column":19,"file":"node:internal/modules/cjs/loader","function":"wrapModuleLoad","line":255,"method":null,"native":false}]}
[2026-05-24 01:42:52] ERROR: Error: listen EADDRINUSE: address already in use :::3001
    at Server.setupListenHandle [as _listen2] (node:net:1948:16)
    at listenInCluster (node:net:2005:12)
    at Server.listen (node:net:2110:7)
    at app.listen (C:\Users\Eduardo\Documents\GitHub\Proyecto-Mern\backend\node_modules\express\lib\application.js:635:24)
    at Object.<anonymous> (C:\Users\Eduardo\Documents\GitHub\Proyecto-Mern\backend\src\index.js:77:5)
    at Module._compile (node:internal/modules/cjs/loader:1812:14)
    at Object..js (node:internal/modules/cjs/loader:1943:10)
    at Module.load (node:internal/modules/cjs/loader:1533:32)
    at Module._load (node:internal/modules/cjs/loader:1335:12)
    at wrapModuleLoad (node:internal/modules/cjs/loader:255:19) | META: {"error":{"code":"EADDRINUSE","errno":-4091,"syscall":"listen","address":"::","port":3001},"exception":true,"date":"Sun May 24 2026 01:42:52 GMT-0600 (Central Standard Time)","process":{"pid":25944,"uid":null,"gid":null,"cwd":"C:\\Users\\Eduardo\\Documents\\GitHub\\Proyecto-Mern\\backend","execPath":"C:\\Program Files\\nodejs\\node.exe","version":"v24.14.1","argv":["C:\\Program Files\\nodejs\\node.exe","C:\\Users\\Eduardo\\Documents\\GitHub\\Proyecto-Mern\\backend\\src\\index.js"],"memoryUsage":{"rss":101027840,"heapTotal":59150336,"heapUsed":34973600,"external":20870754,"arrayBuffers":18265054}},"os":{"loadavg":[0,0,0],"uptime":45317.484},"trace":[{"column":16,"file":"node:net","function":"Server.setupListenHandle [as _listen2]","line":1948,"method":"setupListenHandle [as _listen2]","native":false},{"column":12,"file":"node:net","function":"listenInCluster","line":2005,"method":null,"native":false},{"column":7,"file":"node:net","function":"Server.listen","line":2110,"method":"listen","native":false},{"column":24,"file":"C:\\Users\\Eduardo\\Documents\\GitHub\\Proyecto-Mern\\backend\\node_modules\\express\\lib\\application.js","function":"app.listen","line":635,"method":"listen","native":false},{"column":5,"file":"C:\\Users\\Eduardo\\Documents\\GitHub\\Proyecto-Mern\\backend\\src\\index.js","function":null,"line":77,"method":null,"native":false},{"column":14,"file":"node:internal/modules/cjs/loader","function":"Module._compile","line":1812,"method":"_compile","native":false},{"column":10,"file":"node:internal/modules/cjs/loader","function":"Object..js","line":1943,"method":".js","native":false},{"column":32,"file":"node:internal/modules/cjs/loader","function":"Module.load","line":1533,"method":"load","native":false},{"column":12,"file":"node:internal/modules/cjs/loader","function":"Module._load","line":1335,"method":"_load","native":false},{"column":19,"file":"node:internal/modules/cjs/loader","function":"wrapModuleLoad","line":255,"method":null,"native":false}]}
[2026-05-24 01:43:18] ERROR: Error: listen EADDRINUSE: address already in use :::3001
    at Server.setupListenHandle [as _listen2] (node:net:1948:16)
    at listenInCluster (node:net:2005:12)
    at Server.listen (node:net:2110:7)
    at app.listen (C:\Users\Eduardo\Documents\GitHub\Proyecto-Mern\backend\node_modules\express\lib\application.js:635:24)
    at Object.<anonymous> (C:\Users\Eduardo\Documents\GitHub\Proyecto-Mern\backend\src\index.js:77:5)
    at Module._compile (node:internal/modules/cjs/loader:1812:14)
    at Object..js (node:internal/modules/cjs/loader:1943:10)
    at Module.load (node:internal/modules/cjs/loader:1533:32)
    at Module._load (node:internal/modules/cjs/loader:1335:12)
    at wrapModuleLoad (node:internal/modules/cjs/loader:255:19) | META: {"error":{"code":"EADDRINUSE","errno":-4091,"syscall":"listen","address":"::","port":3001},"exception":true,"date":"Sun May 24 2026 01:43:18 GMT-0600 (Central Standard Time)","process":{"pid":9720,"uid":null,"gid":null,"cwd":"C:\\Users\\Eduardo\\Documents\\GitHub\\Proyecto-Mern\\backend","execPath":"C:\\Program Files\\nodejs\\node.exe","version":"v24.14.1","argv":["C:\\Program Files\\nodejs\\node.exe","C:\\Users\\Eduardo\\Documents\\GitHub\\Proyecto-Mern\\backend\\src\\index.js"],"memoryUsage":{"rss":102043648,"heapTotal":59150336,"heapUsed":34913800,"external":20870754,"arrayBuffers":18265054}},"os":{"loadavg":[0,0,0],"uptime":45343.75},"trace":[{"column":16,"file":"node:net","function":"Server.setupListenHandle [as _listen2]","line":1948,"method":"setupListenHandle [as _listen2]","native":false},{"column":12,"file":"node:net","function":"listenInCluster","line":2005,"method":null,"native":false},{"column":7,"file":"node:net","function":"Server.listen","line":2110,"method":"listen","native":false},{"column":24,"file":"C:\\Users\\Eduardo\\Documents\\GitHub\\Proyecto-Mern\\backend\\node_modules\\express\\lib\\application.js","function":"app.listen","line":635,"method":"listen","native":false},{"column":5,"file":"C:\\Users\\Eduardo\\Documents\\GitHub\\Proyecto-Mern\\backend\\src\\index.js","function":null,"line":77,"method":null,"native":false},{"column":14,"file":"node:internal/modules/cjs/loader","function":"Module._compile","line":1812,"method":"_compile","native":false},{"column":10,"file":"node:internal/modules/cjs/loader","function":"Object..js","line":1943,"method":".js","native":false},{"column":32,"file":"node:internal/modules/cjs/loader","function":"Module.load","line":1533,"method":"load","native":false},{"column":12,"file":"node:internal/modules/cjs/loader","function":"Module._load","line":1335,"method":"_load","native":false},{"column":19,"file":"node:internal/modules/cjs/loader","function":"wrapModuleLoad","line":255,"method":null,"native":false}]}
[2026-05-24 02:06:10] ERROR: Error: listen EADDRINUSE: address already in use :::3001
    at Server.setupListenHandle [as _listen2] (node:net:1948:16)
    at listenInCluster (node:net:2005:12)
    at Server.listen (node:net:2110:7)
    at app.listen (C:\Users\Eduardo\Documents\GitHub\Proyecto-Mern\backend\node_modules\express\lib\application.js:635:24)
    at Object.<anonymous> (C:\Users\Eduardo\Documents\GitHub\Proyecto-Mern\backend\src\index.js:77:5)
    at Module._compile (node:internal/modules/cjs/loader:1812:14)
    at Object..js (node:internal/modules/cjs/loader:1943:10)
    at Module.load (node:internal/modules/cjs/loader:1533:32)
    at Module._load (node:internal/modules/cjs/loader:1335:12)
    at wrapModuleLoad (node:internal/modules/cjs/loader:255:19) | META: {"error":{"code":"EADDRINUSE","errno":-4091,"syscall":"listen","address":"::","port":3001},"exception":true,"date":"Sun May 24 2026 02:06:10 GMT-0600 (Central Standard Time)","process":{"pid":20040,"uid":null,"gid":null,"cwd":"C:\\Users\\Eduardo\\Documents\\GitHub\\Proyecto-Mern\\backend","execPath":"C:\\Program Files\\nodejs\\node.exe","version":"v24.14.1","argv":["C:\\Program Files\\nodejs\\node.exe","C:\\Users\\Eduardo\\Documents\\GitHub\\Proyecto-Mern\\backend\\src\\index.js"],"memoryUsage":{"rss":101568512,"heapTotal":58892288,"heapUsed":35276816,"external":20843740,"arrayBuffers":18264878}},"os":{"loadavg":[0,0,0],"uptime":46715.625},"trace":[{"column":16,"file":"node:net","function":"Server.setupListenHandle [as _listen2]","line":1948,"method":"setupListenHandle [as _listen2]","native":false},{"column":12,"file":"node:net","function":"listenInCluster","line":2005,"method":null,"native":false},{"column":7,"file":"node:net","function":"Server.listen","line":2110,"method":"listen","native":false},{"column":24,"file":"C:\\Users\\Eduardo\\Documents\\GitHub\\Proyecto-Mern\\backend\\node_modules\\express\\lib\\application.js","function":"app.listen","line":635,"method":"listen","native":false},{"column":5,"file":"C:\\Users\\Eduardo\\Documents\\GitHub\\Proyecto-Mern\\backend\\src\\index.js","function":null,"line":77,"method":null,"native":false},{"column":14,"file":"node:internal/modules/cjs/loader","function":"Module._compile","line":1812,"method":"_compile","native":false},{"column":10,"file":"node:internal/modules/cjs/loader","function":"Object..js","line":1943,"method":".js","native":false},{"column":32,"file":"node:internal/modules/cjs/loader","function":"Module.load","line":1533,"method":"load","native":false},{"column":12,"file":"node:internal/modules/cjs/loader","function":"Module._load","line":1335,"method":"_load","native":false},{"column":19,"file":"node:internal/modules/cjs/loader","function":"wrapModuleLoad","line":255,"method":null,"native":false}]}
[2026-05-24 02:06:43] ERROR: Error: listen EADDRINUSE: address already in use :::3001
    at Server.setupListenHandle [as _listen2] (node:net:1948:16)
    at listenInCluster (node:net:2005:12)
    at Server.listen (node:net:2110:7)
    at app.listen (C:\Users\Eduardo\Documents\GitHub\Proyecto-Mern\backend\node_modules\express\lib\application.js:635:24)
    at Object.<anonymous> (C:\Users\Eduardo\Documents\GitHub\Proyecto-Mern\backend\src\index.js:77:5)
    at Module._compile (node:internal/modules/cjs/loader:1812:14)
    at Object..js (node:internal/modules/cjs/loader:1943:10)
    at Module.load (node:internal/modules/cjs/loader:1533:32)
    at Module._load (node:internal/modules/cjs/loader:1335:12)
    at wrapModuleLoad (node:internal/modules/cjs/loader:255:19) | META: {"error":{"code":"EADDRINUSE","errno":-4091,"syscall":"listen","address":"::","port":3001},"exception":true,"date":"Sun May 24 2026 02:06:43 GMT-0600 (Central Standard Time)","process":{"pid":8040,"uid":null,"gid":null,"cwd":"C:\\Users\\Eduardo\\Documents\\GitHub\\Proyecto-Mern\\backend","execPath":"C:\\Program Files\\nodejs\\node.exe","version":"v24.14.1","argv":["C:\\Program Files\\nodejs\\node.exe","C:\\Users\\Eduardo\\Documents\\GitHub\\Proyecto-Mern\\backend\\src\\index.js"],"memoryUsage":{"rss":101302272,"heapTotal":58626048,"heapUsed":34883288,"external":20843740,"arrayBuffers":18264878}},"os":{"loadavg":[0,0,0],"uptime":46748.187},"trace":[{"column":16,"file":"node:net","function":"Server.setupListenHandle [as _listen2]","line":1948,"method":"setupListenHandle [as _listen2]","native":false},{"column":12,"file":"node:net","function":"listenInCluster","line":2005,"method":null,"native":false},{"column":7,"file":"node:net","function":"Server.listen","line":2110,"method":"listen","native":false},{"column":24,"file":"C:\\Users\\Eduardo\\Documents\\GitHub\\Proyecto-Mern\\backend\\node_modules\\express\\lib\\application.js","function":"app.listen","line":635,"method":"listen","native":false},{"column":5,"file":"C:\\Users\\Eduardo\\Documents\\GitHub\\Proyecto-Mern\\backend\\src\\index.js","function":null,"line":77,"method":null,"native":false},{"column":14,"file":"node:internal/modules/cjs/loader","function":"Module._compile","line":1812,"method":"_compile","native":false},{"column":10,"file":"node:internal/modules/cjs/loader","function":"Object..js","line":1943,"method":".js","native":false},{"column":32,"file":"node:internal/modules/cjs/loader","function":"Module.load","line":1533,"method":"load","native":false},{"column":12,"file":"node:internal/modules/cjs/loader","function":"Module._load","line":1335,"method":"_load","native":false},{"column":19,"file":"node:internal/modules/cjs/loader","function":"wrapModuleLoad","line":255,"method":null,"native":false}]}
[2026-05-24 02:07:37] ERROR: Error: listen EADDRINUSE: address already in use :::3001
    at Server.setupListenHandle [as _listen2] (node:net:1948:16)
    at listenInCluster (node:net:2005:12)
    at Server.listen (node:net:2110:7)
    at app.listen (C:\Users\Eduardo\Documents\GitHub\Proyecto-Mern\backend\node_modules\express\lib\application.js:635:24)
    at Object.<anonymous> (C:\Users\Eduardo\Documents\GitHub\Proyecto-Mern\backend\src\index.js:77:5)
    at Module._compile (node:internal/modules/cjs/loader:1812:14)
    at Object..js (node:internal/modules/cjs/loader:1943:10)
    at Module.load (node:internal/modules/cjs/loader:1533:32)
    at Module._load (node:internal/modules/cjs/loader:1335:12)
    at wrapModuleLoad (node:internal/modules/cjs/loader:255:19) | META: {"error":{"code":"EADDRINUSE","errno":-4091,"syscall":"listen","address":"::","port":3001},"exception":true,"date":"Sun May 24 2026 02:07:37 GMT-0600 (Central Standard Time)","process":{"pid":22472,"uid":null,"gid":null,"cwd":"C:\\Users\\Eduardo\\Documents\\GitHub\\Proyecto-Mern\\backend","execPath":"C:\\Program Files\\nodejs\\node.exe","version":"v24.14.1","argv":["C:\\Program Files\\nodejs\\node.exe","C:\\Users\\Eduardo\\Documents\\GitHub\\Proyecto-Mern\\backend\\src\\index.js"],"memoryUsage":{"rss":101257216,"heapTotal":59150336,"heapUsed":34775104,"external":20870754,"arrayBuffers":18265054}},"os":{"loadavg":[0,0,0],"uptime":46802.203},"trace":[{"column":16,"file":"node:net","function":"Server.setupListenHandle [as _listen2]","line":1948,"method":"setupListenHandle [as _listen2]","native":false},{"column":12,"file":"node:net","function":"listenInCluster","line":2005,"method":null,"native":false},{"column":7,"file":"node:net","function":"Server.listen","line":2110,"method":"listen","native":false},{"column":24,"file":"C:\\Users\\Eduardo\\Documents\\GitHub\\Proyecto-Mern\\backend\\node_modules\\express\\lib\\application.js","function":"app.listen","line":635,"method":"listen","native":false},{"column":5,"file":"C:\\Users\\Eduardo\\Documents\\GitHub\\Proyecto-Mern\\backend\\src\\index.js","function":null,"line":77,"method":null,"native":false},{"column":14,"file":"node:internal/modules/cjs/loader","function":"Module._compile","line":1812,"method":"_compile","native":false},{"column":10,"file":"node:internal/modules/cjs/loader","function":"Object..js","line":1943,"method":".js","native":false},{"column":32,"file":"node:internal/modules/cjs/loader","function":"Module.load","line":1533,"method":"load","native":false},{"column":12,"file":"node:internal/modules/cjs/loader","function":"Module._load","line":1335,"method":"_load","native":false},{"column":19,"file":"node:internal/modules/cjs/loader","function":"wrapModuleLoad","line":255,"method":null,"native":false}]}
[2026-05-24 02:29:17] ERROR: Error: listen EADDRINUSE: address already in use :::3001
    at Server.setupListenHandle [as _listen2] (node:net:1948:16)
    at listenInCluster (node:net:2005:12)
    at Server.listen (node:net:2110:7)
    at app.listen (C:\Users\Eduardo\Documents\GitHub\Proyecto-Mern\backend\node_modules\express\lib\application.js:635:24)
    at Object.<anonymous> (C:\Users\Eduardo\Documents\GitHub\Proyecto-Mern\backend\src\index.js:77:5)
    at Module._compile (node:internal/modules/cjs/loader:1812:14)
    at Object..js (node:internal/modules/cjs/loader:1943:10)
    at Module.load (node:internal/modules/cjs/loader:1533:32)
    at Module._load (node:internal/modules/cjs/loader:1335:12)
    at wrapModuleLoad (node:internal/modules/cjs/loader:255:19) | META: {"error":{"code":"EADDRINUSE","errno":-4091,"syscall":"listen","address":"::","port":3001},"exception":true,"date":"Sun May 24 2026 02:29:17 GMT-0600 (Central Standard Time)","process":{"pid":20984,"uid":null,"gid":null,"cwd":"C:\\Users\\Eduardo\\Documents\\GitHub\\Proyecto-Mern\\backend","execPath":"C:\\Program Files\\nodejs\\node.exe","version":"v24.14.1","argv":["C:\\Program Files\\nodejs\\node.exe","C:\\Users\\Eduardo\\Documents\\GitHub\\Proyecto-Mern\\backend\\src\\index.js"],"memoryUsage":{"rss":102047744,"heapTotal":59412480,"heapUsed":35184872,"external":20870754,"arrayBuffers":18265054}},"os":{"loadavg":[0,0,0],"uptime":48102.859},"trace":[{"column":16,"file":"node:net","function":"Server.setupListenHandle [as _listen2]","line":1948,"method":"setupListenHandle [as _listen2]","native":false},{"column":12,"file":"node:net","function":"listenInCluster","line":2005,"method":null,"native":false},{"column":7,"file":"node:net","function":"Server.listen","line":2110,"method":"listen","native":false},{"column":24,"file":"C:\\Users\\Eduardo\\Documents\\GitHub\\Proyecto-Mern\\backend\\node_modules\\express\\lib\\application.js","function":"app.listen","line":635,"method":"listen","native":false},{"column":5,"file":"C:\\Users\\Eduardo\\Documents\\GitHub\\Proyecto-Mern\\backend\\src\\index.js","function":null,"line":77,"method":null,"native":false},{"column":14,"file":"node:internal/modules/cjs/loader","function":"Module._compile","line":1812,"method":"_compile","native":false},{"column":10,"file":"node:internal/modules/cjs/loader","function":"Object..js","line":1943,"method":".js","native":false},{"column":32,"file":"node:internal/modules/cjs/loader","function":"Module.load","line":1533,"method":"load","native":false},{"column":12,"file":"node:internal/modules/cjs/loader","function":"Module._load","line":1335,"method":"_load","native":false},{"column":19,"file":"node:internal/modules/cjs/loader","function":"wrapModuleLoad","line":255,"method":null,"native":false}]}
[2026-05-24 02:29:21] ERROR: Error: listen EADDRINUSE: address already in use :::3001
    at Server.setupListenHandle [as _listen2] (node:net:1948:16)
    at listenInCluster (node:net:2005:12)
    at Server.listen (node:net:2110:7)
    at app.listen (C:\Users\Eduardo\Documents\GitHub\Proyecto-Mern\backend\node_modules\express\lib\application.js:635:24)
    at Object.<anonymous> (C:\Users\Eduardo\Documents\GitHub\Proyecto-Mern\backend\src\index.js:77:5)
    at Module._compile (node:internal/modules/cjs/loader:1812:14)
    at Object..js (node:internal/modules/cjs/loader:1943:10)
    at Module.load (node:internal/modules/cjs/loader:1533:32)
    at Module._load (node:internal/modules/cjs/loader:1335:12)
    at wrapModuleLoad (node:internal/modules/cjs/loader:255:19) | META: {"error":{"code":"EADDRINUSE","errno":-4091,"syscall":"listen","address":"::","port":3001},"exception":true,"date":"Sun May 24 2026 02:29:21 GMT-0600 (Central Standard Time)","process":{"pid":8616,"uid":null,"gid":null,"cwd":"C:\\Users\\Eduardo\\Documents\\GitHub\\Proyecto-Mern\\backend","execPath":"C:\\Program Files\\nodejs\\node.exe","version":"v24.14.1","argv":["C:\\Program Files\\nodejs\\node.exe","C:\\Users\\Eduardo\\Documents\\GitHub\\Proyecto-Mern\\backend\\src\\index.js"],"memoryUsage":{"rss":101195776,"heapTotal":59150336,"heapUsed":34624920,"external":20870754,"arrayBuffers":18265054}},"os":{"loadavg":[0,0,0],"uptime":48106.171},"trace":[{"column":16,"file":"node:net","function":"Server.setupListenHandle [as _listen2]","line":1948,"method":"setupListenHandle [as _listen2]","native":false},{"column":12,"file":"node:net","function":"listenInCluster","line":2005,"method":null,"native":false},{"column":7,"file":"node:net","function":"Server.listen","line":2110,"method":"listen","native":false},{"column":24,"file":"C:\\Users\\Eduardo\\Documents\\GitHub\\Proyecto-Mern\\backend\\node_modules\\express\\lib\\application.js","function":"app.listen","line":635,"method":"listen","native":false},{"column":5,"file":"C:\\Users\\Eduardo\\Documents\\GitHub\\Proyecto-Mern\\backend\\src\\index.js","function":null,"line":77,"method":null,"native":false},{"column":14,"file":"node:internal/modules/cjs/loader","function":"Module._compile","line":1812,"method":"_compile","native":false},{"column":10,"file":"node:internal/modules/cjs/loader","function":"Object..js","line":1943,"method":".js","native":false},{"column":32,"file":"node:internal/modules/cjs/loader","function":"Module.load","line":1533,"method":"load","native":false},{"column":12,"file":"node:internal/modules/cjs/loader","function":"Module._load","line":1335,"method":"_load","native":false},{"column":19,"file":"node:internal/modules/cjs/loader","function":"wrapModuleLoad","line":255,"method":null,"native":false}]}
[2026-05-24 02:29:21] ERROR: Error: listen EADDRINUSE: address already in use :::3001
    at Server.setupListenHandle [as _listen2] (node:net:1948:16)
    at listenInCluster (node:net:2005:12)
    at Server.listen (node:net:2110:7)
    at app.listen (C:\Users\Eduardo\Documents\GitHub\Proyecto-Mern\backend\node_modules\express\lib\application.js:635:24)
    at Object.<anonymous> (C:\Users\Eduardo\Documents\GitHub\Proyecto-Mern\backend\src\index.js:77:5)
    at Module._compile (node:internal/modules/cjs/loader:1812:14)
    at Object..js (node:internal/modules/cjs/loader:1943:10)
    at Module.load (node:internal/modules/cjs/loader:1533:32)
    at Module._load (node:internal/modules/cjs/loader:1335:12)
    at wrapModuleLoad (node:internal/modules/cjs/loader:255:19) | META: {"error":{"code":"EADDRINUSE","errno":-4091,"syscall":"listen","address":"::","port":3001},"exception":true,"date":"Sun May 24 2026 02:29:21 GMT-0600 (Central Standard Time)","process":{"pid":21356,"uid":null,"gid":null,"cwd":"C:\\Users\\Eduardo\\Documents\\GitHub\\Proyecto-Mern\\backend","execPath":"C:\\Program Files\\nodejs\\node.exe","version":"v24.14.1","argv":["C:\\Program Files\\nodejs\\node.exe","C:\\Users\\Eduardo\\Documents\\GitHub\\Proyecto-Mern\\backend\\src\\index.js"],"memoryUsage":{"rss":101621760,"heapTotal":59150336,"heapUsed":34938328,"external":20870754,"arrayBuffers":18265054}},"os":{"loadavg":[0,0,0],"uptime":48106.171},"trace":[{"column":16,"file":"node:net","function":"Server.setupListenHandle [as _listen2]","line":1948,"method":"setupListenHandle [as _listen2]","native":false},{"column":12,"file":"node:net","function":"listenInCluster","line":2005,"method":null,"native":false},{"column":7,"file":"node:net","function":"Server.listen","line":2110,"method":"listen","native":false},{"column":24,"file":"C:\\Users\\Eduardo\\Documents\\GitHub\\Proyecto-Mern\\backend\\node_modules\\express\\lib\\application.js","function":"app.listen","line":635,"method":"listen","native":false},{"column":5,"file":"C:\\Users\\Eduardo\\Documents\\GitHub\\Proyecto-Mern\\backend\\src\\index.js","function":null,"line":77,"method":null,"native":false},{"column":14,"file":"node:internal/modules/cjs/loader","function":"Module._compile","line":1812,"method":"_compile","native":false},{"column":10,"file":"node:internal/modules/cjs/loader","function":"Object..js","line":1943,"method":".js","native":false},{"column":32,"file":"node:internal/modules/cjs/loader","function":"Module.load","line":1533,"method":"load","native":false},{"column":12,"file":"node:internal/modules/cjs/loader","function":"Module._load","line":1335,"method":"_load","native":false},{"column":19,"file":"node:internal/modules/cjs/loader","function":"wrapModuleLoad","line":255,"method":null,"native":false}]}
[2026-05-24 02:29:21] ERROR: Error: listen EADDRINUSE: address already in use :::3001
    at Server.setupListenHandle [as _listen2] (node:net:1948:16)
    at listenInCluster (node:net:2005:12)
    at Server.listen (node:net:2110:7)
    at app.listen (C:\Users\Eduardo\Documents\GitHub\Proyecto-Mern\backend\node_modules\express\lib\application.js:635:24)
    at Object.<anonymous> (C:\Users\Eduardo\Documents\GitHub\Proyecto-Mern\backend\src\index.js:77:5)
    at Module._compile (node:internal/modules/cjs/loader:1812:14)
    at Object..js (node:internal/modules/cjs/loader:1943:10)
    at Module.load (node:internal/modules/cjs/loader:1533:32)
    at Module._load (node:internal/modules/cjs/loader:1335:12)
    at wrapModuleLoad (node:internal/modules/cjs/loader:255:19) | META: {"error":{"code":"EADDRINUSE","errno":-4091,"syscall":"listen","address":"::","port":3001},"exception":true,"date":"Sun May 24 2026 02:29:21 GMT-0600 (Central Standard Time)","process":{"pid":24388,"uid":null,"gid":null,"cwd":"C:\\Users\\Eduardo\\Documents\\GitHub\\Proyecto-Mern\\backend","execPath":"C:\\Program Files\\nodejs\\node.exe","version":"v24.14.1","argv":["C:\\Program Files\\nodejs\\node.exe","C:\\Users\\Eduardo\\Documents\\GitHub\\Proyecto-Mern\\backend\\src\\index.js"],"memoryUsage":{"rss":101871616,"heapTotal":59412480,"heapUsed":34946624,"external":20870754,"arrayBuffers":18265054}},"os":{"loadavg":[0,0,0],"uptime":48106.187},"trace":[{"column":16,"file":"node:net","function":"Server.setupListenHandle [as _listen2]","line":1948,"method":"setupListenHandle [as _listen2]","native":false},{"column":12,"file":"node:net","function":"listenInCluster","line":2005,"method":null,"native":false},{"column":7,"file":"node:net","function":"Server.listen","line":2110,"method":"listen","native":false},{"column":24,"file":"C:\\Users\\Eduardo\\Documents\\GitHub\\Proyecto-Mern\\backend\\node_modules\\express\\lib\\application.js","function":"app.listen","line":635,"method":"listen","native":false},{"column":5,"file":"C:\\Users\\Eduardo\\Documents\\GitHub\\Proyecto-Mern\\backend\\src\\index.js","function":null,"line":77,"method":null,"native":false},{"column":14,"file":"node:internal/modules/cjs/loader","function":"Module._compile","line":1812,"method":"_compile","native":false},{"column":10,"file":"node:internal/modules/cjs/loader","function":"Object..js","line":1943,"method":".js","native":false},{"column":32,"file":"node:internal/modules/cjs/loader","function":"Module.load","line":1533,"method":"load","native":false},{"column":12,"file":"node:internal/modules/cjs/loader","function":"Module._load","line":1335,"method":"_load","native":false},{"column":19,"file":"node:internal/modules/cjs/loader","function":"wrapModuleLoad","line":255,"method":null,"native":false}]}
[2026-05-25 14:45:24] ERROR: Error: Route.get() requires a callback function but got a [object Undefined]
    at Route.<computed> [as get] (C:\Users\bunro\OneDrive\Documentos\GitHub\Proyecto-Mern\backend\node_modules\express\lib\router\route.js:216:15)
    at proto.<computed> [as get] (C:\Users\bunro\OneDrive\Documentos\GitHub\Proyecto-Mern\backend\node_modules\express\lib\router\index.js:521:19)
    at Object.<anonymous> (C:\Users\bunro\OneDrive\Documentos\GitHub\Proyecto-Mern\backend\src\routes\notificaciones.js:13:8)
    at Module._compile (node:internal/modules/cjs/loader:1804:14)
    at Object..js (node:internal/modules/cjs/loader:1936:10)
    at Module.load (node:internal/modules/cjs/loader:1525:32)
    at Module._load (node:internal/modules/cjs/loader:1327:12)
    at TracingChannel.traceSync (node:diagnostics_channel:328:14)
    at wrapModuleLoad (node:internal/modules/cjs/loader:245:24)
    at Module.require (node:internal/modules/cjs/loader:1548:12) | META: {"error":{},"exception":true,"date":"Mon May 25 2026 14:45:24 GMT-0600 (hora estándar central)","process":{"pid":7176,"uid":null,"gid":null,"cwd":"C:\\Users\\bunro\\OneDrive\\Documentos\\GitHub\\Proyecto-Mern\\backend","execPath":"C:\\Program Files\\nodejs\\node.exe","version":"v24.13.1","argv":["C:\\Program Files\\nodejs\\node.exe","C:\\Users\\bunro\\OneDrive\\Documentos\\GitHub\\Proyecto-Mern\\backend\\src\\index.js"],"memoryUsage":{"rss":102760448,"heapTotal":57933824,"heapUsed":34434368,"external":20795787,"arrayBuffers":18264735}},"os":{"loadavg":[0,0,0],"uptime":4714.859},"trace":[{"column":15,"file":"C:\\Users\\bunro\\OneDrive\\Documentos\\GitHub\\Proyecto-Mern\\backend\\node_modules\\express\\lib\\router\\route.js","function":"Route.<computed> [as get]","line":216,"method":"<computed> [as get]","native":false},{"column":19,"file":"C:\\Users\\bunro\\OneDrive\\Documentos\\GitHub\\Proyecto-Mern\\backend\\node_modules\\express\\lib\\router\\index.js","function":"proto.<computed> [as get]","line":521,"method":"<computed> [as get]","native":false},{"column":8,"file":"C:\\Users\\bunro\\OneDrive\\Documentos\\GitHub\\Proyecto-Mern\\backend\\src\\routes\\notificaciones.js","function":null,"line":13,"method":null,"native":false},{"column":14,"file":"node:internal/modules/cjs/loader","function":"Module._compile","line":1804,"method":"_compile","native":false},{"column":10,"file":"node:internal/modules/cjs/loader","function":"Object..js","line":1936,"method":".js","native":false},{"column":32,"file":"node:internal/modules/cjs/loader","function":"Module.load","line":1525,"method":"load","native":false},{"column":12,"file":"node:internal/modules/cjs/loader","function":"Module._load","line":1327,"method":"_load","native":false},{"column":14,"file":"node:diagnostics_channel","function":"TracingChannel.traceSync","line":328,"method":"traceSync","native":false},{"column":24,"file":"node:internal/modules/cjs/loader","function":"wrapModuleLoad","line":245,"method":null,"native":false},{"column":12,"file":"node:internal/modules/cjs/loader","function":"Module.require","line":1548,"method":"require","native":false}]}
[2026-05-25 14:45:27] ERROR: Error: Route.get() requires a callback function but got a [object Undefined]
    at Route.<computed> [as get] (C:\Users\bunro\OneDrive\Documentos\GitHub\Proyecto-Mern\backend\node_modules\express\lib\router\route.js:216:15)
    at proto.<computed> [as get] (C:\Users\bunro\OneDrive\Documentos\GitHub\Proyecto-Mern\backend\node_modules\express\lib\router\index.js:521:19)
    at Object.<anonymous> (C:\Users\bunro\OneDrive\Documentos\GitHub\Proyecto-Mern\backend\src\routes\notificaciones.js:13:8)
    at Module._compile (node:internal/modules/cjs/loader:1804:14)
    at Object..js (node:internal/modules/cjs/loader:1936:10)
    at Module.load (node:internal/modules/cjs/loader:1525:32)
    at Module._load (node:internal/modules/cjs/loader:1327:12)
    at TracingChannel.traceSync (node:diagnostics_channel:328:14)
    at wrapModuleLoad (node:internal/modules/cjs/loader:245:24)
    at Module.require (node:internal/modules/cjs/loader:1548:12) | META: {"error":{},"exception":true,"date":"Mon May 25 2026 14:45:27 GMT-0600 (hora estándar central)","process":{"pid":15288,"uid":null,"gid":null,"cwd":"C:\\Users\\bunro\\OneDrive\\Documentos\\GitHub\\Proyecto-Mern\\backend","execPath":"C:\\Program Files\\nodejs\\node.exe","version":"v24.13.1","argv":["C:\\Program Files\\nodejs\\node.exe","C:\\Users\\bunro\\OneDrive\\Documentos\\GitHub\\Proyecto-Mern\\backend\\src\\index.js"],"memoryUsage":{"rss":102522880,"heapTotal":57933824,"heapUsed":34477048,"external":20795787,"arrayBuffers":18264735}},"os":{"loadavg":[0,0,0],"uptime":4718.656},"trace":[{"column":15,"file":"C:\\Users\\bunro\\OneDrive\\Documentos\\GitHub\\Proyecto-Mern\\backend\\node_modules\\express\\lib\\router\\route.js","function":"Route.<computed> [as get]","line":216,"method":"<computed> [as get]","native":false},{"column":19,"file":"C:\\Users\\bunro\\OneDrive\\Documentos\\GitHub\\Proyecto-Mern\\backend\\node_modules\\express\\lib\\router\\index.js","function":"proto.<computed> [as get]","line":521,"method":"<computed> [as get]","native":false},{"column":8,"file":"C:\\Users\\bunro\\OneDrive\\Documentos\\GitHub\\Proyecto-Mern\\backend\\src\\routes\\notificaciones.js","function":null,"line":13,"method":null,"native":false},{"column":14,"file":"node:internal/modules/cjs/loader","function":"Module._compile","line":1804,"method":"_compile","native":false},{"column":10,"file":"node:internal/modules/cjs/loader","function":"Object..js","line":1936,"method":".js","native":false},{"column":32,"file":"node:internal/modules/cjs/loader","function":"Module.load","line":1525,"method":"load","native":false},{"column":12,"file":"node:internal/modules/cjs/loader","function":"Module._load","line":1327,"method":"_load","native":false},{"column":14,"file":"node:diagnostics_channel","function":"TracingChannel.traceSync","line":328,"method":"traceSync","native":false},{"column":24,"file":"node:internal/modules/cjs/loader","function":"wrapModuleLoad","line":245,"method":null,"native":false},{"column":12,"file":"node:internal/modules/cjs/loader","function":"Module.require","line":1548,"method":"require","native":false}]}
[2026-05-25 20:47:08] ERROR: Error: listen EADDRINUSE: address already in use :::3001
    at Server.setupListenHandle [as _listen2] (node:net:1940:16)
    at listenInCluster (node:net:1997:12)
    at Server.listen (node:net:2102:7)
    at app.listen (C:\Users\bunro\OneDrive\Documentos\GitHub\Proyecto-Mern\backend\node_modules\express\lib\application.js:635:24)
    at Object.<anonymous> (C:\Users\bunro\OneDrive\Documentos\GitHub\Proyecto-Mern\backend\src\index.js:77:5)
    at Module._compile (node:internal/modules/cjs/loader:1804:14)
    at Object..js (node:internal/modules/cjs/loader:1936:10)
    at Module.load (node:internal/modules/cjs/loader:1525:32)
    at Module._load (node:internal/modules/cjs/loader:1327:12)
    at TracingChannel.traceSync (node:diagnostics_channel:328:14) | META: {"error":{"code":"EADDRINUSE","errno":-4091,"syscall":"listen","address":"::","port":3001},"exception":true,"date":"Mon May 25 2026 20:47:08 GMT-0600 (hora estándar central)","process":{"pid":19536,"uid":null,"gid":null,"cwd":"C:\\Users\\bunro\\OneDrive\\Documentos\\GitHub\\Proyecto-Mern\\backend","execPath":"C:\\Program Files\\nodejs\\node.exe","version":"v24.13.1","argv":["C:\\Program Files\\nodejs\\node.exe","C:\\Users\\bunro\\OneDrive\\Documentos\\GitHub\\Proyecto-Mern\\backend\\src\\index.js"],"memoryUsage":{"rss":96043008,"heapTotal":58884096,"heapUsed":35974192,"external":20857790,"arrayBuffers":18265054}},"os":{"loadavg":[0,0,0],"uptime":26415.968},"trace":[{"column":16,"file":"node:net","function":"Server.setupListenHandle [as _listen2]","line":1940,"method":"setupListenHandle [as _listen2]","native":false},{"column":12,"file":"node:net","function":"listenInCluster","line":1997,"method":null,"native":false},{"column":7,"file":"node:net","function":"Server.listen","line":2102,"method":"listen","native":false},{"column":24,"file":"C:\\Users\\bunro\\OneDrive\\Documentos\\GitHub\\Proyecto-Mern\\backend\\node_modules\\express\\lib\\application.js","function":"app.listen","line":635,"method":"listen","native":false},{"column":5,"file":"C:\\Users\\bunro\\OneDrive\\Documentos\\GitHub\\Proyecto-Mern\\backend\\src\\index.js","function":null,"line":77,"method":null,"native":false},{"column":14,"file":"node:internal/modules/cjs/loader","function":"Module._compile","line":1804,"method":"_compile","native":false},{"column":10,"file":"node:internal/modules/cjs/loader","function":"Object..js","line":1936,"method":".js","native":false},{"column":32,"file":"node:internal/modules/cjs/loader","function":"Module.load","line":1525,"method":"load","native":false},{"column":12,"file":"node:internal/modules/cjs/loader","function":"Module._load","line":1327,"method":"_load","native":false},{"column":14,"file":"node:diagnostics_channel","function":"TracingChannel.traceSync","line":328,"method":"traceSync","native":false}]}
[2026-05-25 20:47:36] ERROR: Error: listen EADDRINUSE: address already in use :::3001
    at Server.setupListenHandle [as _listen2] (node:net:1940:16)
    at listenInCluster (node:net:1997:12)
    at Server.listen (node:net:2102:7)
    at app.listen (C:\Users\bunro\OneDrive\Documentos\GitHub\Proyecto-Mern\backend\node_modules\express\lib\application.js:635:24)
    at Object.<anonymous> (C:\Users\bunro\OneDrive\Documentos\GitHub\Proyecto-Mern\backend\src\index.js:77:5)
    at Module._compile (node:internal/modules/cjs/loader:1804:14)
    at Object..js (node:internal/modules/cjs/loader:1936:10)
    at Module.load (node:internal/modules/cjs/loader:1525:32)
    at Module._load (node:internal/modules/cjs/loader:1327:12)
    at TracingChannel.traceSync (node:diagnostics_channel:328:14) | META: {"error":{"code":"EADDRINUSE","errno":-4091,"syscall":"listen","address":"::","port":3001},"exception":true,"date":"Mon May 25 2026 20:47:36 GMT-0600 (hora estándar central)","process":{"pid":22020,"uid":null,"gid":null,"cwd":"C:\\Users\\bunro\\OneDrive\\Documentos\\GitHub\\Proyecto-Mern\\backend","execPath":"C:\\Program Files\\nodejs\\node.exe","version":"v24.13.1","argv":["C:\\Program Files\\nodejs\\node.exe","C:\\Users\\bunro\\OneDrive\\Documentos\\GitHub\\Proyecto-Mern\\backend\\src\\index.js"],"memoryUsage":{"rss":96231424,"heapTotal":59146240,"heapUsed":35986520,"external":20857790,"arrayBuffers":18265054}},"os":{"loadavg":[0,0,0],"uptime":26443.718},"trace":[{"column":16,"file":"node:net","function":"Server.setupListenHandle [as _listen2]","line":1940,"method":"setupListenHandle [as _listen2]","native":false},{"column":12,"file":"node:net","function":"listenInCluster","line":1997,"method":null,"native":false},{"column":7,"file":"node:net","function":"Server.listen","line":2102,"method":"listen","native":false},{"column":24,"file":"C:\\Users\\bunro\\OneDrive\\Documentos\\GitHub\\Proyecto-Mern\\backend\\node_modules\\express\\lib\\application.js","function":"app.listen","line":635,"method":"listen","native":false},{"column":5,"file":"C:\\Users\\bunro\\OneDrive\\Documentos\\GitHub\\Proyecto-Mern\\backend\\src\\index.js","function":null,"line":77,"method":null,"native":false},{"column":14,"file":"node:internal/modules/cjs/loader","function":"Module._compile","line":1804,"method":"_compile","native":false},{"column":10,"file":"node:internal/modules/cjs/loader","function":"Object..js","line":1936,"method":".js","native":false},{"column":32,"file":"node:internal/modules/cjs/loader","function":"Module.load","line":1525,"method":"load","native":false},{"column":12,"file":"node:internal/modules/cjs/loader","function":"Module._load","line":1327,"method":"_load","native":false},{"column":14,"file":"node:diagnostics_channel","function":"TracingChannel.traceSync","line":328,"method":"traceSync","native":false}]}
[2026-05-25 20:50:40] ERROR: Error: listen EADDRINUSE: address already in use :::3001
    at Server.setupListenHandle [as _listen2] (node:net:1940:16)
    at listenInCluster (node:net:1997:12)
    at Server.listen (node:net:2102:7)
    at app.listen (C:\Users\bunro\OneDrive\Documentos\GitHub\Proyecto-Mern\backend\node_modules\express\lib\application.js:635:24)
    at Object.<anonymous> (C:\Users\bunro\OneDrive\Documentos\GitHub\Proyecto-Mern\backend\src\index.js:77:5)
    at Module._compile (node:internal/modules/cjs/loader:1804:14)
    at Object..js (node:internal/modules/cjs/loader:1936:10)
    at Module.load (node:internal/modules/cjs/loader:1525:32)
    at Module._load (node:internal/modules/cjs/loader:1327:12)
    at TracingChannel.traceSync (node:diagnostics_channel:328:14) | META: {"error":{"code":"EADDRINUSE","errno":-4091,"syscall":"listen","address":"::","port":3001},"exception":true,"date":"Mon May 25 2026 20:50:40 GMT-0600 (hora estándar central)","process":{"pid":13664,"uid":null,"gid":null,"cwd":"C:\\Users\\bunro\\OneDrive\\Documentos\\GitHub\\Proyecto-Mern\\backend","execPath":"C:\\Program Files\\nodejs\\node.exe","version":"v24.13.1","argv":["C:\\Program Files\\nodejs\\node.exe","C:\\Users\\bunro\\OneDrive\\Documentos\\GitHub\\Proyecto-Mern\\backend\\src\\index.js"],"memoryUsage":{"rss":92684288,"heapTotal":59146240,"heapUsed":35181600,"external":20830777,"arrayBuffers":18264879}},"os":{"loadavg":[0,0,0],"uptime":26627.765},"trace":[{"column":16,"file":"node:net","function":"Server.setupListenHandle [as _listen2]","line":1940,"method":"setupListenHandle [as _listen2]","native":false},{"column":12,"file":"node:net","function":"listenInCluster","line":1997,"method":null,"native":false},{"column":7,"file":"node:net","function":"Server.listen","line":2102,"method":"listen","native":false},{"column":24,"file":"C:\\Users\\bunro\\OneDrive\\Documentos\\GitHub\\Proyecto-Mern\\backend\\node_modules\\express\\lib\\application.js","function":"app.listen","line":635,"method":"listen","native":false},{"column":5,"file":"C:\\Users\\bunro\\OneDrive\\Documentos\\GitHub\\Proyecto-Mern\\backend\\src\\index.js","function":null,"line":77,"method":null,"native":false},{"column":14,"file":"node:internal/modules/cjs/loader","function":"Module._compile","line":1804,"method":"_compile","native":false},{"column":10,"file":"node:internal/modules/cjs/loader","function":"Object..js","line":1936,"method":".js","native":false},{"column":32,"file":"node:internal/modules/cjs/loader","function":"Module.load","line":1525,"method":"load","native":false},{"column":12,"file":"node:internal/modules/cjs/loader","function":"Module._load","line":1327,"method":"_load","native":false},{"column":14,"file":"node:diagnostics_channel","function":"TracingChannel.traceSync","line":328,"method":"traceSync","native":false}]}
